detector,group,dataset,auc,auc_std,ap,ap_std,n_seeds
LOF,none,weibo,0.677157073751326,0.0,0.1252232344247477,0.0,5
IDK,none,weibo,0.4086602320496286,0.0,0.0398603438474312,0.0,5
iForest,none,weibo,0.4540110138098212,0.0,0.0447531948017235,0.0,5
ONE,indirect,weibo,0.8684723792847675,0.0091740463301592,0.2889981403139757,0.0050163015681555,5
Radar,indirect,weibo,0.9492093703931797,1.1102230246251563e-16,0.3467613503576073,0.0,5
DOMINANT,indirect,weibo,0.8788838557346843,0.0038288480638431,0.2399207621336009,0.0078610511964176,5
AnomalyDAE,indirect,weibo,0.884443118800798,0.0117786781099451,0.2484003235288674,0.0270872414594716,5
DONE,indirect,weibo,0.8132013721842293,0.0069608032782785,0.2515180981160893,0.0085943330889553,5
CoLA,indirect,weibo,0.2364325141284763,0.0145323241868878,0.0420099187967986,0.0060713397771219,5
GCAD,indirect,weibo,0.5692971275257267,0.0,0.0596664076464639,0.0,5
GCAD+IDK,indirect,weibo,0.5201400079967784,0.0,0.0513397564905883,0.0,5
GAE,direct,weibo,0.1573817488911443,0.0050289824773449,0.0235331581447869,0.0002647982949833,5
LOF,none,inj_cora,0.6925745784695201,0.0,0.1361729550771041,0.0,5
IDK,none,inj_cora,0.3184909490779901,0.0,0.035443837458362,0.0,5
iForest,none,inj_cora,0.3516692043083516,0.0,0.0374742877956746,0.0,5
ONE,indirect,inj_cora,0.4940111656234139,0.0304547640853777,0.0531481573820814,0.0051462196078205,5
Radar,indirect,inj_cora,0.5045381492133311,0.0,0.0480446907090382,0.0,5
DOMINANT,indirect,inj_cora,0.7672993853267919,5.9589068654921485e-05,0.1840492201024187,3.600525368292156e-05,5
AnomalyDAE,indirect,inj_cora,0.7110226695990526,0.0009707421211965,0.1370274091574117,0.0034380491610861,5
DONE,indirect,inj_cora,0.8287827778717645,0.0099300482538926,0.279029947200711,0.0300441285668472,5
CoLA,indirect,inj_cora,0.5293266790729149,0.0048196694516597,0.068345196561324,0.0068785225862072,5
GCAD,indirect,inj_cora,0.6044352337449952,0.0,0.0690630826721032,0.0,5
GCAD+IDK,indirect,inj_cora,0.6753439914284103,0.0,0.0964811885035009,0.0,5
GAE,direct,inj_cora,0.7230330457339422,0.0021774148674846,0.1671217079203806,0.0009150435014461,5
LOF,none,reddit,0.5433199577580909,0.0,0.0367863272234789,0.0,5
IDK,none,reddit,0.5350205651399264,0.0,0.0374570000597715,0.0,5
iForest,none,reddit,0.5489003619999856,0.0,0.0364266911951414,0.0,5
ONE,indirect,reddit,0.5028657646001686,0.009974486509801,0.0340783241179685,0.0017749650110496,5
Radar,indirect,reddit,0.4842550077350864,0.0,0.0330641858891139,0.0,5
DOMINANT,indirect,reddit,0.5611417152232471,0.0003428593260195,0.0373951082482175,2.6622095058930444e-05,5
AnomalyDAE,indirect,reddit,0.5033910865866499,0.046684263501296,0.0345591780344567,0.006275253917565,5
DONE,indirect,reddit,0.5841912434498794,0.0143882143046636,0.0427439416932759,0.0020956042315987,5
CoLA,indirect,reddit,0.4993003683815605,0.0420023834637661,0.0329168493183562,0.0044485194066368,5
GCAD,indirect,reddit,0.5785831771391399,0.0,0.0417476026200784,0.0,5
GCAD+IDK,indirect,reddit,0.5557444724753409,0.0,0.0376495419353292,0.0,5
GAE,direct,reddit,0.5608155086681343,0.0003654848882109,0.0373712162743215,2.328651361107591e-05,5
LOF,none,inj_amazon,0.5762292860538418,0.0,0.0572453887311365,6.938893903907228e-18,5
IDK,none,inj_amazon,0.2629631133629919,0.0,0.0325977218051889,0.0,5
iForest,none,inj_amazon,0.506373581312901,0.0,0.0497267807265046,0.0,5
ONE,indirect,inj_amazon,0.5012411815517821,0.0103476189896856,0.050437476005501,0.0018099855058627,5
Radar,indirect,inj_amazon,0.6559673577825909,0.0,0.0861916511430106,0.0,5
DOMINANT,indirect,inj_amazon,0.7150317051434898,4.240949303493141e-05,0.1179841198151823,6.264663894059738e-05,5
AnomalyDAE,indirect,inj_amazon,0.7519000023393744,0.0014103178594379,0.351438563719319,0.0013099073068207,5
DONE,indirect,inj_amazon,0.8523246760297551,0.0082495497217924,0.2206516033994314,0.0146591553084253,5
CoLA,indirect,inj_amazon,0.6162721583994795,0.0067401160263229,0.1327474730974788,0.0113344551347785,5
GCAD,indirect,inj_amazon,0.5682769029155226,0.0,0.0561863530894789,6.938893903907228e-18,5
GCAD+IDK,indirect,inj_amazon,0.3306193096373837,0.0,0.035362823596532,0.0,5
GAE,direct,inj_amazon,0.7107228644712152,0.0002089887158905,0.1201062845391961,0.0002911015078614,5
