detector,group,condition,camouflage,gamma,auc_mean,auc_std,auc_min,auc_max,ap_mean,ap_std,n_seeds,auc,ap
AnomalyDAE,indirect,A,global,0.0,0.9064673684210526,0.06675619908550438,0.819178947368421,0.9661052631578948,0.569450517354469,0.21491436070564038,5,0.9064673684210526,0.569450517354469
AnomalyDAE,indirect,A,global,0.1,0.8734442105263158,0.09698218427361796,0.7589052631578947,0.9829263157894736,0.557410296213326,0.21873150524364823,5,0.8734442105263158,0.557410296213326
AnomalyDAE,indirect,A,global,0.2,0.7393894736842105,0.048696495747239756,0.6704631578947368,0.797957894736842,0.21412965876369444,0.10558848765114023,5,0.7393894736842105,0.21412965876369444
AnomalyDAE,indirect,A,global,0.3,0.6623073684210526,0.1441857101967139,0.4946526315789473,0.8689684210526316,0.20326868591065406,0.07770659798427804,5,0.6623073684210526,0.20326868591065406
AnomalyDAE,indirect,A,global,0.4,0.5224105263157894,0.0693844131394335,0.4439157894736842,0.6330947368421052,0.0917806388264564,0.04761142773895231,5,0.5224105263157894,0.0917806388264564
AnomalyDAE,indirect,A,global,0.5,0.45540631578947366,0.05888566206366283,0.3852842105263158,0.5187368421052632,0.06590314691320598,0.04571865486030967,5,0.45540631578947366,0.06590314691320598
AnomalyDAE,indirect,A,global,0.6,0.3601536842105263,0.102110509252099,0.2133684210526315,0.4925368421052631,0.047560581119574244,0.01718190002648089,5,0.3601536842105263,0.047560581119574244
AnomalyDAE,indirect,A,global,0.7,0.24464421052631574,0.13221236891106214,0.0514315789473684,0.4182526315789474,0.03339100378228908,0.006611947958217311,5,0.24464421052631574,0.03339100378228908
AnomalyDAE,indirect,A,global,0.8,0.1834652631578947,0.1338542528999007,0.073178947368421,0.4071368421052631,0.03692524162075826,0.020255193160846886,5,0.1834652631578947,0.03692524162075826
AnomalyDAE,indirect,A,global,0.9,0.18224421052631576,0.08821106971318624,0.0674947368421052,0.2796,0.030699392284735,0.00342270721136161,5,0.18224421052631576,0.030699392284735
AnomalyDAE,indirect,A,global,1.0,0.21327999999999997,0.0783663863155315,0.0914736842105263,0.3093263157894736,0.0542328970135455,0.051105570452073555,5,0.21327999999999997,0.0542328970135455
AnomalyDAE,indirect,A,local,0.0,0.9175621052631578,0.06935429518341177,0.8179578947368421,0.9693473684210526,0.6334116812041779,0.15762544449238777,5,0.9175621052631578,0.6334116812041779
AnomalyDAE,indirect,A,local,0.1,0.85016,0.08333764796217276,0.7238736842105263,0.9489052631578948,0.398190614840598,0.11293223491542827,5,0.85016,0.398190614840598
AnomalyDAE,indirect,A,local,0.2,0.7361431578947368,0.08771019315552499,0.6386526315789474,0.8523368421052632,0.24412938665490863,0.14038537723154668,5,0.7361431578947368,0.24412938665490863
AnomalyDAE,indirect,A,local,0.3,0.5241263157894738,0.05354623549027571,0.4635789473684211,0.5921263157894737,0.06155912922588029,0.010872620227802521,5,0.5241263157894738,0.06155912922588029
AnomalyDAE,indirect,A,local,0.4,0.3703073684210526,0.05882994055595476,0.2997263157894737,0.459957894736842,0.039635233148417784,0.005072231985961709,5,0.3703073684210526,0.039635233148417784
AnomalyDAE,indirect,A,local,0.5,0.18996210526315785,0.07014578787629874,0.1146736842105263,0.3032842105263157,0.02994047175402076,0.0025032246680934665,5,0.18996210526315785,0.02994047175402076
AnomalyDAE,indirect,A,local,0.6,0.08641263157894734,0.08141891073289269,0.0332,0.2303157894736842,0.0271714230627217,0.0017824320402833572,5,0.08641263157894734,0.0271714230627217
AnomalyDAE,indirect,A,local,0.7,0.0442273684210526,0.03374173180756971,0.0021052631578947,0.089178947368421,0.02631843257801218,0.00043370316568089095,5,0.0442273684210526,0.02631843257801218
AnomalyDAE,indirect,A,local,0.8,0.03283368421052626,0.038036927967393434,0.0001263157894736,0.0851368421052631,0.02618356665725518,0.00033876091754368514,5,0.03283368421052626,0.02618356665725518
AnomalyDAE,indirect,A,local,0.9,0.00269894736842104,0.002471304566496762,0.0,0.0065473684210526,0.02593589569642988,1.2176082676813424e-05,5,0.00269894736842104,0.02593589569642988
AnomalyDAE,indirect,A,local,1.0,0.06984421052631576,0.09219285651417779,0.0008631578947368,0.1781263157894737,0.027299717544975077,0.0018986962560377176,5,0.06984421052631576,0.027299717544975077
AnomalyDAE,indirect,B,global,0.0,0.7137473684210527,0.0367932578431794,0.6796421052631578,0.7729052631578948,0.11396332343831513,0.03877169243317586,5,0.7137473684210527,0.11396332343831513
AnomalyDAE,indirect,B,global,0.1,0.5338568421052632,0.052198102087105076,0.4520842105263158,0.5753263157894737,0.056643260537896103,0.012673979864797107,5,0.5338568421052632,0.056643260537896103
AnomalyDAE,indirect,B,global,0.2,0.31382736842105263,0.12081937838735067,0.1982526315789473,0.508778947368421,0.03508653330060924,0.006996339024093521,5,0.31382736842105263,0.03508653330060924
AnomalyDAE,indirect,B,global,0.3,0.13637473684210524,0.03264824837389684,0.1150736842105263,0.1912,0.02804559595612442,0.0007695393459089265,5,0.13637473684210524,0.02804559595612442
AnomalyDAE,indirect,B,global,0.4,0.0637852631578947,0.0889626513186286,0.0072631578947368,0.2202315789473684,0.02700446384805038,0.00184063133772989,5,0.0637852631578947,0.02700446384805038
AnomalyDAE,indirect,B,global,0.5,0.007604210526315741,0.008457570818806336,0.0012210526315789,0.0222526315789473,0.02597362291862366,6.61569866240598e-05,5,0.007604210526315741,0.02597362291862366
AnomalyDAE,indirect,B,global,0.6,0.00055999999999998,0.0008994427329835332,0.0,0.0021473684210526,0.025928345280928522,1.859679591488157e-06,5,0.00055999999999998,0.025928345280928522
AnomalyDAE,indirect,B,global,0.7,2.5263157894737095e-05,3.766009225262863e-05,0.0,8.421052631579106e-05,0.025927266595001518,4.852307314166457e-08,5,2.5263157894737095e-05,0.025927266595001518
AnomalyDAE,indirect,B,global,0.8,0.0,0.0,0.0,0.0,0.025927235583944296,0.0,5,0.0,0.025927235583944296
AnomalyDAE,indirect,B,global,0.9,0.0,0.0,0.0,0.0,0.025927235583944296,0.0,5,0.0,0.025927235583944296
AnomalyDAE,indirect,B,global,1.0,0.0,0.0,0.0,0.0,0.025927235583944296,0.0,5,0.0,0.025927235583944296
AnomalyDAE,indirect,B,local,0.0,0.7016042105263158,0.04326568157577168,0.6553684210526316,0.7659789473684211,0.10338713448169297,0.029733590455936938,5,0.7016042105263158,0.10338713448169297
AnomalyDAE,indirect,B,local,0.1,0.5963115789473685,0.10115014089347621,0.4599157894736842,0.6938105263157895,0.0716753367557474,0.022064037737046748,5,0.5963115789473685,0.0716753367557474
AnomalyDAE,indirect,B,local,0.2,0.3747621052631579,0.05627775675892898,0.2753684210526315,0.4124842105263158,0.03771826719834972,0.003009317655541096,5,0.3747621052631579,0.03771826719834972
AnomalyDAE,indirect,B,local,0.3,0.19818105263157892,0.04191004375222031,0.1645473684210526,0.2694736842105263,0.029529619989725742,0.0013779586353506173,5,0.19818105263157892,0.029529619989725742
AnomalyDAE,indirect,B,local,0.4,0.09357473684210524,0.04035049049395179,0.0489473684210526,0.1462736842105263,0.02709460569555896,0.0006956528658258853,5,0.09357473684210524,0.02709460569555896
AnomalyDAE,indirect,B,local,0.5,0.07800842105263153,0.03379871196877069,0.0554105263157894,0.1370736842105263,0.02683946878828102,0.0004944053185042119,5,0.07800842105263153,0.02683946878828102
AnomalyDAE,indirect,B,local,0.6,0.03589052631578946,0.017049800934654875,0.0182526315789473,0.054,0.026290284774392457,0.00025949351215738564,5,0.03589052631578946,0.026290284774392457
AnomalyDAE,indirect,B,local,0.7,0.06458526315789473,0.03177883893219066,0.0227157894736842,0.0983157894736842,0.02665939370028922,0.0003859792877452899,5,0.06458526315789473,0.02665939370028922
AnomalyDAE,indirect,B,local,0.8,0.05088842105263154,0.030667937907731358,0.0175578947368421,0.0979578947368421,0.026463314922574498,0.00039596397146607847,5,0.05088842105263154,0.026463314922574498
AnomalyDAE,indirect,B,local,0.9,0.12333473684210523,0.05175807049626025,0.0371368421052631,0.1640631578947368,0.02768160700597696,0.000806094383163114,5,0.12333473684210523,0.02768160700597696
AnomalyDAE,indirect,B,local,1.0,0.18337684210526312,0.06015866113615974,0.1293052631578947,0.2622105263157895,0.03386672840937318,0.011795362066786707,5,0.18337684210526312,0.03386672840937318
AnomalyDAE,indirect,C,none,0.0,0.46262736842105256,0.04323734509750031,0.4279368421052631,0.5348421052631579,0.04454418729307494,0.003323461473281969,5,0.46262736842105256,0.04454418729307494
CoLA,indirect,A,global,0.0,0.7231831578947368,0.006831934140470272,0.7150947368421052,0.7304631578947369,0.21825058596517147,0.036349149796702,5,0.7231831578947368,0.21825058596517147
CoLA,indirect,A,global,0.1,0.7096336842105264,0.04038316645539315,0.6476842105263159,0.7590105263157896,0.19619402142244682,0.05734873954949471,5,0.7096336842105264,0.19619402142244682
CoLA,indirect,A,global,0.2,0.7348673684210526,0.03341740187271351,0.696821052631579,0.7846526315789474,0.20691448567332776,0.025203733260874016,5,0.7348673684210526,0.20691448567332776
CoLA,indirect,A,global,0.3,0.7303242105263158,0.04126588766480789,0.684821052631579,0.7857263157894737,0.2039513021588381,0.0790040877278856,5,0.7303242105263158,0.2039513021588381
CoLA,indirect,A,global,0.4,0.7507768421052632,0.04059965776365999,0.6917263157894736,0.8028105263157895,0.24960094709911385,0.08574385360467933,5,0.7507768421052632,0.24960094709911385
CoLA,indirect,A,global,0.5,0.7667263157894737,0.03313349645385496,0.7240842105263158,0.8068,0.235260534184615,0.06307267501999218,5,0.7667263157894737,0.235260534184615
CoLA,indirect,A,global,0.6,0.7694357894736842,0.03253879304202264,0.7241894736842105,0.7991578947368422,0.22277967942720678,0.05598076270424671,5,0.7694357894736842,0.22277967942720678
CoLA,indirect,A,global,0.7,0.8107452631578947,0.039536549519684126,0.7648,0.8567368421052632,0.3448251534001686,0.06835150051623327,5,0.8107452631578947,0.3448251534001686
CoLA,indirect,A,global,0.8,0.8131284210526315,0.030228209019037427,0.7662736842105263,0.8447157894736842,0.3683644624150312,0.05951451059049937,5,0.8131284210526315,0.3683644624150312
CoLA,indirect,A,global,0.9,0.8051031578947369,0.0372080788296561,0.7659368421052632,0.8444631578947368,0.33022857214125845,0.09592243578057585,5,0.8051031578947369,0.33022857214125845
CoLA,indirect,A,global,1.0,0.8148084210526315,0.03438339675336288,0.779242105263158,0.8654526315789473,0.3383780973955519,0.04281793765785875,5,0.8148084210526315,0.3383780973955519
CoLA,indirect,A,local,0.0,0.6857347368421053,0.04843711541353889,0.6383157894736842,0.7573263157894737,0.1708352746392564,0.05477979227005188,5,0.6857347368421053,0.1708352746392564
CoLA,indirect,A,local,0.1,0.6744968421052632,0.0481837884945155,0.5954315789473685,0.7164631578947368,0.14516910385730797,0.056992174043837766,5,0.6744968421052632,0.14516910385730797
CoLA,indirect,A,local,0.2,0.6755663157894738,0.03538077979563724,0.6523368421052632,0.7351789473684212,0.1330600887681364,0.05845093522659633,5,0.6755663157894738,0.1330600887681364
CoLA,indirect,A,local,0.3,0.6432484210526316,0.0552703642419236,0.5576631578947369,0.7071263157894737,0.132196988391184,0.043094306853198636,5,0.6432484210526316,0.132196988391184
CoLA,indirect,A,local,0.4,0.6360926315789474,0.044376928946409565,0.5857894736842105,0.6745052631578947,0.11852257434191679,0.04396605001813988,5,0.6360926315789474,0.11852257434191679
CoLA,indirect,A,local,0.5,0.6419326315789473,0.057954297401121346,0.5526315789473684,0.6893263157894737,0.11017345262624552,0.05005169751512529,5,0.6419326315789473,0.11017345262624552
CoLA,indirect,A,local,0.6,0.5994105263157895,0.04940450931004378,0.5236631578947368,0.6472842105263158,0.08169472862330544,0.021332063115282435,5,0.5994105263157895,0.08169472862330544
CoLA,indirect,A,local,0.7,0.5728526315789473,0.03879038205035094,0.5244210526315789,0.6306631578947368,0.07076581951497743,0.009444720118096757,5,0.5728526315789473,0.07076581951497743
CoLA,indirect,A,local,0.8,0.5602905263157895,0.033163910565386,0.522042105263158,0.5882315789473684,0.06417051500376783,0.00926124324258834,5,0.5602905263157895,0.06417051500376783
CoLA,indirect,A,local,0.9,0.5338084210526316,0.031176993079944818,0.506842105263158,0.5795368421052632,0.056681983621608624,0.002680643725232927,5,0.5338084210526316,0.056681983621608624
CoLA,indirect,A,local,1.0,0.4931010526315789,0.04091616020846764,0.4362526315789473,0.535157894736842,0.055338451579504774,0.006147421741399266,5,0.4931010526315789,0.055338451579504774
CoLA,indirect,B,global,0.0,0.5777684210526315,0.06941280745896379,0.4848,0.6481894736842105,0.05710063230909396,0.008524955089500495,5,0.5777684210526315,0.05710063230909396
CoLA,indirect,B,global,0.1,0.5122736842105263,0.07556098159141506,0.4482947368421053,0.6227157894736842,0.049337722620319095,0.008053676626753555,5,0.5122736842105263,0.049337722620319095
CoLA,indirect,B,global,0.2,0.5448168421052632,0.030026556666776796,0.5090736842105263,0.5765894736842105,0.052116048610070374,0.0050577340370609345,5,0.5448168421052632,0.052116048610070374
CoLA,indirect,B,global,0.3,0.6425094736842105,0.10104294185999829,0.5267578947368421,0.7812,0.07001841583498097,0.021808674958273135,5,0.6425094736842105,0.07001841583498097
CoLA,indirect,B,global,0.4,0.6007242105263157,0.042521403051304876,0.5462315789473685,0.6645263157894736,0.059702305555190384,0.006812601498774056,5,0.6007242105263157,0.059702305555190384
CoLA,indirect,B,global,0.5,0.629221052631579,0.0656436413175668,0.5291789473684211,0.7043157894736842,0.06374484275647183,0.010777173120931564,5,0.629221052631579,0.06374484275647183
CoLA,indirect,B,global,0.6,0.6847031578947369,0.022526436792591916,0.656378947368421,0.7124842105263158,0.07227115411168514,0.0044377983971188514,5,0.6847031578947369,0.07227115411168514
CoLA,indirect,B,global,0.7,0.7388610526315789,0.06080233557257762,0.6647157894736841,0.8081684210526316,0.09420344279013251,0.020927408053878653,5,0.7388610526315789,0.09420344279013251
CoLA,indirect,B,global,0.8,0.7921263157894737,0.01061030701527761,0.7796210526315789,0.8052842105263158,0.10845249486755822,0.004853341528485327,5,0.7921263157894737,0.10845249486755822
CoLA,indirect,B,global,0.9,0.8231473684210526,0.019630794396627422,0.8006947368421052,0.8452526315789474,0.13494754190479455,0.01870587999452516,5,0.8231473684210526,0.13494754190479455
CoLA,indirect,B,global,1.0,0.8220147368421052,0.022942560577942903,0.794978947368421,0.8458947368421054,0.13650466313395035,0.014387435057034053,5,0.8220147368421052,0.13650466313395035
CoLA,indirect,B,local,0.0,0.4880210526315789,0.05171724959640812,0.4299157894736842,0.5456842105263158,0.045948985815862896,0.004721655986930868,5,0.4880210526315789,0.045948985815862896
CoLA,indirect,B,local,0.1,0.5449263157894737,0.07078410232018376,0.4383157894736842,0.6301894736842105,0.05309189017953721,0.00798371559780515,5,0.5449263157894737,0.05309189017953721
CoLA,indirect,B,local,0.2,0.5972463157894736,0.036709485818116123,0.5502736842105264,0.6415578947368421,0.06011471569512748,0.0061018054202245445,5,0.5972463157894736,0.06011471569512748
CoLA,indirect,B,local,0.3,0.596301052631579,0.06473814701295022,0.5127157894736842,0.6921894736842105,0.06307540192042313,0.0178841043300042,5,0.596301052631579,0.06307540192042313
CoLA,indirect,B,local,0.4,0.6267621052631579,0.04066402958314703,0.5606947368421052,0.6645263157894736,0.06432721237758904,0.005974583322944094,5,0.6267621052631579,0.06432721237758904
CoLA,indirect,B,local,0.5,0.6847873684210526,0.0677680410708597,0.6054315789473683,0.7521684210526316,0.08150579065824304,0.014605723524562176,5,0.6847873684210526,0.08150579065824304
CoLA,indirect,B,local,0.6,0.7192547368421053,0.04868432910369624,0.6561473684210526,0.7710315789473685,0.09423574971855858,0.02851985009766436,5,0.7192547368421053,0.09423574971855858
CoLA,indirect,B,local,0.7,0.7902168421052631,0.029601354689371612,0.7432105263157895,0.8196631578947369,0.12761790166232495,0.021308819799772245,5,0.7902168421052631,0.12761790166232495
CoLA,indirect,B,local,0.8,0.8411200000000001,0.02223023022224627,0.8150105263157895,0.8751578947368421,0.1735875039717826,0.03852763126814385,5,0.8411200000000001,0.1735875039717826
CoLA,indirect,B,local,0.9,0.8718610526315789,0.009372992379682386,0.8598736842105263,0.885957894736842,0.23093152049865634,0.04433326068714553,5,0.8718610526315789,0.23093152049865634
CoLA,indirect,B,local,1.0,0.8884905263157895,0.020846463659129538,0.8642526315789474,0.9133894736842104,0.24332115166368223,0.05805383445012958,5,0.8884905263157895,0.24332115166368223
CoLA,indirect,C,none,0.0,0.6288042105263159,0.0449086864241596,0.5860210526315789,0.7033263157894738,0.0662290558434109,0.011421301775464233,5,0.6288042105263159,0.0662290558434109
DOMINANT,indirect,A,global,0.0,0.6528926315789474,0.02673128661719315,0.6128210526315788,0.684442105263158,0.1031791542334372,0.015576561181980378,5,0.6528926315789474,0.1031791542334372
DOMINANT,indirect,A,global,0.1,0.47990736842105264,0.030626042545429572,0.4421684210526315,0.5108842105263158,0.05160539268827372,0.008172732575669372,5,0.47990736842105264,0.05160539268827372
DOMINANT,indirect,A,global,0.2,0.2637810526315789,0.05709380452584553,0.1892210526315789,0.3396,0.03200621776280236,0.002243511915136874,5,0.2637810526315789,0.03200621776280236
DOMINANT,indirect,A,global,0.3,0.11424421052631575,0.025015840300257292,0.0911157894736842,0.1554526315789473,0.02747590405419864,0.0006026938582257254,5,0.11424421052631575,0.02747590405419864
DOMINANT,indirect,A,global,0.4,0.02703999999999996,0.011883101901579608,0.0154105263157894,0.0448842105263158,0.026149123527106678,0.00010742816547763575,5,0.02703999999999996,0.026149123527106678
DOMINANT,indirect,A,global,0.5,0.00867368421052628,0.008994673708626335,0.0028,0.0241894736842105,0.025977574195342718,6.3978944681842e-05,5,0.00867368421052628,0.025977574195342718
DOMINANT,indirect,A,global,0.6,0.00015999999999999822,0.00031176381428939763,0.0,0.0007157894736842,0.02592779436918654,1.2002103843003123e-06,5,0.00015999999999999822,0.02592779436918654
DOMINANT,indirect,A,global,0.7,0.0,0.0,0.0,0.0,0.025927235583944296,0.0,5,0.0,0.025927235583944296
DOMINANT,indirect,A,global,0.8,0.0,0.0,0.0,0.0,0.025927235583944296,0.0,5,0.0,0.025927235583944296
DOMINANT,indirect,A,global,0.9,0.0,0.0,0.0,0.0,0.025927235583944296,0.0,5,0.0,0.025927235583944296
DOMINANT,indirect,A,global,1.0,0.0,0.0,0.0,0.0,0.025927235583944296,0.0,5,0.0,0.025927235583944296
DOMINANT,indirect,A,local,0.0,0.6879452631578947,0.021606932302983353,0.6671157894736842,0.7196631578947368,0.12353356579377457,0.02438426623007871,5,0.6879452631578947,0.12353356579377457
DOMINANT,indirect,A,local,0.1,0.4682821052631579,0.08911826696544999,0.3240631578947368,0.5557684210526316,0.05390052210896432,0.0188634031542317,5,0.4682821052631579,0.05390052210896432
DOMINANT,indirect,A,local,0.2,0.1931410526315789,0.016783796433306786,0.1671368421052631,0.2088421052631579,0.0294424178027183,0.0005639427804918902,5,0.1931410526315789,0.0294424178027183
DOMINANT,indirect,A,local,0.3,0.08047999999999995,0.012038124111877392,0.0634315789473684,0.091157894736842,0.026900536438164518,0.0001315502039008934,5,0.08047999999999995,0.026900536438164518
DOMINANT,indirect,A,local,0.4,0.024677894736842083,0.009019945888014783,0.0139578947368421,0.0378736842105263,0.02613530828784082,5.688774425690046e-05,5,0.024677894736842083,0.02613530828784082
DOMINANT,indirect,A,local,0.5,0.0067199999999999595,0.0028172558896774696,0.0034526315789473,0.0106947368421052,0.02596328157261512,1.5842182186480588e-05,5,0.0067199999999999595,0.02596328157261512
DOMINANT,indirect,A,local,0.6,0.0017010526315789,0.0011817072958071953,0.0003157894736842,0.0035368421052631,0.025934507583852462,4.602111451454667e-06,5,0.0017010526315789,0.025934507583852462
DOMINANT,indirect,A,local,0.7,0.0004252631578946989,0.00023320006747025104,4.2105263157894426e-05,0.0006105263157894,0.0259285372900748,1.2943673239872216e-06,5,0.0004252631578946989,0.0259285372900748
DOMINANT,indirect,A,local,0.8,0.0003831578947368063,0.0003577089300958885,6.315789473684274e-05,0.0008631578947368,0.025928686780289822,1.8963047240266264e-06,5,0.0003831578947368063,0.025928686780289822
DOMINANT,indirect,A,local,0.9,0.00144842105263154,0.0011421319424484945,0.0001894736842105,0.0025684210526315,0.0259342143492364,6.042555569703507e-06,5,0.00144842105263154,0.0259342143492364
DOMINANT,indirect,A,local,1.0,0.0034105263157894203,0.0032684168149815693,0.0009894736842105,0.0091368421052631,0.025950929922854797,3.251350003754503e-05,5,0.0034105263157894203,0.025950929922854797
DOMINANT,indirect,B,global,0.0,0.9999368421052631,6.315789473688993e-05,0.9998526315789472,1.0,0.9989161793372319,0.0010664033052670248,5,0.9999368421052631,0.9989161793372319
DOMINANT,indirect,B,global,0.1,0.9997263157894736,0.0001263157894736854,0.999621052631579,0.9999157894736842,0.9954293028308919,0.002304644405434342,5,0.9997263157894736,0.9954293028308919
DOMINANT,indirect,B,global,0.2,0.9986273684210527,0.0011098551226856673,0.9969052631578948,0.9996,0.9802368823587606,0.01880203385581004,5,0.9986273684210527,0.9802368823587606
DOMINANT,indirect,B,global,0.3,0.99168,0.003686778052713859,0.988042105263158,0.9969052631578948,0.8874715278272161,0.055802258889568294,5,0.99168,0.8874715278272161
DOMINANT,indirect,B,global,0.4,0.9675705263157894,0.021151769734017226,0.934757894736842,0.9885052631578948,0.6522282364113072,0.17002268897507047,5,0.9675705263157894,0.6522282364113072
DOMINANT,indirect,B,global,0.5,0.9246084210526316,0.015257484244945625,0.9083368421052632,0.9480631578947368,0.34944424951432657,0.06349967127820147,5,0.9246084210526316,0.34944424951432657
DOMINANT,indirect,B,global,0.6,0.7418442105263157,0.049933060121274346,0.669136842105263,0.7965263157894736,0.09506862565531642,0.02021721168818904,5,0.7418442105263157,0.09506862565531642
DOMINANT,indirect,B,global,0.7,0.5618021052631579,0.04628603733392564,0.5146736842105264,0.6210736842105262,0.05278922062900604,0.005541889292381572,5,0.5618021052631579,0.05278922062900604
DOMINANT,indirect,B,global,0.8,0.29574736842105265,0.12415250830554958,0.1818315789473684,0.4745052631578947,0.0346820496753093,0.005962094579287813,5,0.29574736842105265,0.0346820496753093
DOMINANT,indirect,B,global,0.9,0.22351789473684208,0.05993120913392992,0.1417473684210526,0.2935052631578947,0.0311288113194453,0.0017205012057094856,5,0.22351789473684208,0.0311288113194453
DOMINANT,indirect,B,global,1.0,0.14323789473684206,0.016841272347825433,0.1194526315789473,0.1659578947368421,0.028695763438554123,0.00042869821648881665,5,0.14323789473684206,0.028695763438554123
DOMINANT,indirect,B,local,0.0,0.9998568421052632,0.0002742504264333988,0.9993684210526316,1.0,0.9981951535331113,0.0032170649680032777,5,0.9998568421052632,0.9981951535331113
DOMINANT,indirect,B,local,0.1,0.9991073684210526,0.0010365722331124926,0.9973684210526316,0.999957894736842,0.98810163796041,0.014915463131996511,5,0.9991073684210526,0.98810163796041
DOMINANT,indirect,B,local,0.2,0.9986147368421052,0.0010290409164635237,0.9974736842105264,0.9998526315789472,0.982836028801642,0.009350272057661682,5,0.9986147368421052,0.982836028801642
DOMINANT,indirect,B,local,0.3,0.9944842105263157,0.0029261264611225943,0.9897684210526316,0.9967157894736842,0.930786791341274,0.02543557197753068,5,0.9944842105263157,0.930786791341274
DOMINANT,indirect,B,local,0.4,0.9848800000000001,0.006463216183519032,0.978042105263158,0.9944631578947368,0.8055547873296813,0.07494882903269039,5,0.9848800000000001,0.8055547873296813
DOMINANT,indirect,B,local,0.5,0.9813936842105264,0.007434402326356741,0.9717052631578946,0.9912,0.7395869553872403,0.08819546378784797,5,0.9813936842105264,0.7395869553872403
DOMINANT,indirect,B,local,0.6,0.9597978947368422,0.006750308908495253,0.9501473684210526,0.9656631578947368,0.5929942848475681,0.041669503717425824,5,0.9597978947368422,0.5929942848475681
DOMINANT,indirect,B,local,0.7,0.9518526315789474,0.023802627942160218,0.9094736842105264,0.9662947368421052,0.5463591151208209,0.05579786001507023,5,0.9518526315789474,0.5463591151208209
DOMINANT,indirect,B,local,0.8,0.978178947368421,0.012754741663516676,0.9571894736842104,0.986778947368421,0.7029045147355881,0.07891014718653362,5,0.978178947368421,0.7029045147355881
DOMINANT,indirect,B,local,0.9,0.9781642105263157,0.012641736267019518,0.962336842105263,0.9913052631578948,0.7182719929051357,0.10211246093059387,5,0.9781642105263157,0.7182719929051357
DOMINANT,indirect,B,local,1.0,0.9835705263157895,0.01871533123587971,0.9522105263157896,0.9977263157894736,0.8253957619476815,0.11691085757515361,5,0.9835705263157895,0.8253957619476815
DOMINANT,indirect,C,none,0.0,0.9438736842105262,0.015327537545288133,0.9223157894736842,0.9595368421052632,0.6046000342490339,0.07032304145394562,5,0.9438736842105262,0.6046000342490339
DONE,indirect,A,global,0.0,0.7511789473684211,0.030403138050604267,0.7236210526315789,0.7926315789473685,0.11189459902156099,0.009839423737604944,5,0.7511789473684211,0.11189459902156099
DONE,indirect,A,global,0.1,0.6212799999999999,0.02809202684569359,0.5755157894736842,0.6508631578947369,0.07593526745697268,0.01281696974376923,5,0.6212799999999999,0.07593526745697268
DONE,indirect,A,global,0.2,0.4492715789473684,0.06066478001794813,0.3676210526315789,0.5353473684210526,0.05598913315126762,0.014589312815525578,5,0.4492715789473684,0.05598913315126762
DONE,indirect,A,global,0.3,0.35562105263157895,0.06448741336101532,0.2793894736842106,0.4245263157894737,0.04078647882755896,0.008806828267532044,5,0.35562105263157895,0.04078647882755896
DONE,indirect,A,global,0.4,0.21517473684210522,0.04537139909629943,0.1722526315789473,0.2868842105263158,0.03627665105822736,0.007339803760554746,5,0.21517473684210522,0.03627665105822736
DONE,indirect,A,global,0.5,0.169818947368421,0.052466236287144724,0.1120421052631579,0.2431368421052631,0.04389085809451122,0.023766453398249877,5,0.169818947368421,0.04389085809451122
DONE,indirect,A,global,0.6,0.16213052631578942,0.035125015826930325,0.1293263157894736,0.2092210526315789,0.036186946834666056,0.007713208704060548,5,0.16213052631578942,0.036186946834666056
DONE,indirect,A,global,0.7,0.10251368421052627,0.024459600248600312,0.0646736842105263,0.1242526315789473,0.034620795973158404,0.007743812740877703,5,0.10251368421052627,0.034620795973158404
DONE,indirect,A,global,0.8,0.09532210526315787,0.036658584721658505,0.0527368421052631,0.1356421052631579,0.031048274308256,0.0031095919737845314,5,0.09532210526315787,0.031048274308256
DONE,indirect,A,global,0.9,0.09870736842105257,0.03786335718309345,0.0614315789473684,0.1502947368421052,0.03361522563479112,0.00448942412822961,5,0.09870736842105257,0.03361522563479112
DONE,indirect,A,global,1.0,0.11281263157894734,0.020382582320448546,0.0878947368421052,0.1385473684210526,0.030357999843525642,0.0035359682622897403,5,0.11281263157894734,0.030357999843525642
DONE,indirect,A,local,0.0,0.7214315789473684,0.01525805359297124,0.6968421052631579,0.7343157894736841,0.09628396597322522,0.006929865826678055,5,0.7214315789473684,0.09628396597322522
DONE,indirect,A,local,0.1,0.6309936842105264,0.029367622701844592,0.5960210526315789,0.6717473684210526,0.0787657226201306,0.0071427890455589525,5,0.6309936842105264,0.0787657226201306
DONE,indirect,A,local,0.2,0.43388210526315796,0.04257956957453134,0.3990736842105263,0.4889684210526316,0.04941445053952266,0.00767165669852908,5,0.43388210526315796,0.04941445053952266
DONE,indirect,A,local,0.3,0.33775999999999995,0.01818226343448771,0.3171157894736842,0.3638736842105263,0.04392428012047368,0.008311663683755308,5,0.33775999999999995,0.04392428012047368
DONE,indirect,A,local,0.4,0.1955873684210526,0.06931485928321232,0.0950526315789473,0.2638736842105263,0.035174066023652514,0.009123305018393072,5,0.1955873684210526,0.035174066023652514
DONE,indirect,A,local,0.5,0.17358315789473683,0.05105255431356062,0.1063578947368421,0.2419578947368421,0.04402392669905668,0.020459738288102915,5,0.17358315789473683,0.04402392669905668
DONE,indirect,A,local,0.6,0.11601263157894733,0.04441694318731603,0.0874736842105263,0.193957894736842,0.038648580296903344,0.02232785188606624,5,0.11601263157894733,0.038648580296903344
DONE,indirect,A,local,0.7,0.11896842105263154,0.029146556792410065,0.0839578947368421,0.1641473684210526,0.0330784671705119,0.0038185097566638296,5,0.11896842105263154,0.0330784671705119
DONE,indirect,A,local,0.8,0.08433684210526313,0.018872113710453223,0.0672,0.1095368421052631,0.03343602505917452,0.013177646904329815,5,0.08433684210526313,0.03343602505917452
DONE,indirect,A,local,0.9,0.09177263157894731,0.011832931183261881,0.0841052631578947,0.1127368421052631,0.032552153237408496,0.005458364832064502,5,0.09177263157894731,0.032552153237408496
DONE,indirect,A,local,1.0,0.06587789473684208,0.03267016190998105,0.0193894736842105,0.1064421052631579,0.03275971198081708,0.006783421455635276,5,0.06587789473684208,0.03275971198081708
DONE,indirect,B,global,0.0,1.0,0.0,1.0,1.0,1.0,0.0,5,1.0,1.0
DONE,indirect,B,global,0.1,1.0,0.0,1.0,1.0,1.0,0.0,5,1.0,1.0
DONE,indirect,B,global,0.2,0.9999915789473685,1.8830046126297244e-05,0.999957894736842,1.0,0.9998415686274509,0.0003542633187882431,5,0.9999915789473685,0.9998415686274509
DONE,indirect,B,global,0.3,1.0,0.0,1.0,1.0,1.0,0.0,5,1.0,1.0
DONE,indirect,B,global,0.4,1.0,0.0,1.0,1.0,1.0,0.0,5,1.0,1.0
DONE,indirect,B,global,0.5,1.0,0.0,1.0,1.0,1.0,0.0,5,1.0,1.0
DONE,indirect,B,global,0.6,0.9997936842105263,0.00029563772095226904,0.9992842105263158,1.0,0.9960718019081289,0.005568619083524805,5,0.9997936842105263,0.9960718019081289
DONE,indirect,B,global,0.7,0.9999747368421052,5.649013837898845e-05,0.9998736842105262,1.0,0.9995045397363386,0.001107882829696884,5,0.9999747368421052,0.9995045397363386
DONE,indirect,B,global,0.8,0.9999957894736842,9.415023063188965e-06,0.999978947368421,1.0,0.9999215686274511,0.00017537788058825788,5,0.9999957894736842,0.9999215686274511
DONE,indirect,B,global,0.9,0.9999915789473685,1.8830046126297244e-05,0.9999578947368422,1.0,0.9998461538461537,0.00034401045807692145,5,0.9999915789473685,0.9998461538461537
DONE,indirect,B,global,1.0,0.9999873684210525,1.883004612629854e-05,0.9999578947368422,1.0,0.9997677224736048,0.000344869082039934,5,0.9999873684210525,0.9997677224736048
DONE,indirect,B,local,0.0,1.0,0.0,1.0,1.0,1.0,0.0,5,1.0,1.0
DONE,indirect,B,local,0.1,1.0,0.0,1.0,1.0,1.0,0.0,5,1.0,1.0
DONE,indirect,B,local,0.2,0.999978947368421,4.707511531581914e-05,0.9998947368421052,1.0,0.9995914962580776,0.0009134421360013345,5,0.999978947368421,0.9995914962580776
DONE,indirect,B,local,0.3,1.0,0.0,1.0,1.0,1.0,0.0,5,1.0,1.0
DONE,indirect,B,local,0.4,1.0,0.0,1.0,1.0,1.0,0.0,5,1.0,1.0
DONE,indirect,B,local,0.5,0.9999957894736842,9.415023063202927e-06,0.999978947368421,1.0,0.9999215686274511,0.00017537788058826566,5,0.9999957894736842,0.9999215686274511
DONE,indirect,B,local,0.6,0.9999915789473685,1.88300461263531e-05,0.999957894736842,1.0,0.9998415686274509,0.00035426331878828343,5,0.9999915789473685,0.9998415686274509
DONE,indirect,B,local,0.7,0.9999873684210527,2.8245069189430354e-05,0.9999368421052632,1.0,0.9997599359743898,0.0005367994802167158,5,0.9999873684210527,0.9997599359743898
DONE,indirect,B,local,0.8,0.9999578947368419,9.415023063160363e-05,0.9997894736842105,1.0,0.999214375958579,0.001756708761375315,5,0.9999578947368419,0.999214375958579
DONE,indirect,B,local,0.9,0.9999747368421052,2.306200242123694e-05,0.9999578947368422,1.0,0.9995384615384616,0.0004213250442347903,5,0.9999747368421052,0.9995384615384616
DONE,indirect,B,local,1.0,0.9999873684210527,1.8830046126297244e-05,0.9999578947368422,1.0,0.9997677224736048,0.0003448690820399342,5,0.9999873684210527,0.9997677224736048
DONE,indirect,C,none,0.0,0.9937263157894737,0.00867480830733305,0.9826105263157896,1.0,0.8720450026977792,0.19409131867245596,5,0.9937263157894737,0.8720450026977792
GAE,direct,A,global,0.0,0.5234484210526316,0.0540948144733725,0.4813894736842105,0.6163368421052632,0.06235433448758432,0.011563248265845132,5,0.5234484210526316,0.06235433448758432
GAE,direct,A,global,0.1,0.5232968421052632,0.05383036163537275,0.48145263157894735,0.6162105263157894,0.062315759460201514,0.011801213872863075,5,0.5232968421052632,0.062315759460201514
GAE,direct,A,global,0.2,0.5229263157894737,0.05457851646787219,0.481378947368421,0.6173263157894737,0.06200549141674633,0.011440099239105012,5,0.5229263157894737,0.06200549141674633
GAE,direct,A,global,0.3,0.5233052631578947,0.053786429515259665,0.4809368421052632,0.6159368421052631,0.062231401964800204,0.011680383113578916,5,0.5233052631578947,0.062231401964800204
GAE,direct,A,global,0.4,0.5223157894736843,0.05397283814677276,0.4805263157894737,0.6156421052631579,0.06225780291626433,0.011958504463343608,5,0.5223157894736843,0.06225780291626433
GAE,direct,A,global,0.5,0.5229031578947368,0.0544731952177391,0.4808,0.6170421052631578,0.06193348036698183,0.011454204892517653,5,0.5229031578947368,0.06193348036698183
GAE,direct,A,global,0.6,0.5225263157894736,0.05387220746212371,0.4803578947368421,0.6154526315789473,0.0620811780817502,0.011542574962858295,5,0.5225263157894736,0.0620811780817502
GAE,direct,A,global,0.7,0.5225894736842106,0.05408958763296975,0.47989473684210526,0.6157789473684211,0.06215822333198384,0.011624441736559809,5,0.5225894736842106,0.06215822333198384
GAE,direct,A,global,0.8,0.5229768421052631,0.05391086230800096,0.4798315789473684,0.6158526315789472,0.06197776589096101,0.011296233818126316,5,0.5229768421052631,0.06197776589096101
GAE,direct,A,global,0.9,0.5231726315789473,0.05446228896830897,0.4790315789473684,0.6168421052631579,0.062140417434282724,0.011517037365475094,5,0.5231726315789473,0.062140417434282724
GAE,direct,A,global,1.0,0.5230989473684211,0.05366494060758388,0.4808631578947369,0.6156842105263157,0.062323183091087565,0.011793803488762194,5,0.5230989473684211,0.062323183091087565
GAE,direct,A,local,0.0,0.5218442105263158,0.05417378540337337,0.47924210526315786,0.6154105263157895,0.061826603047408724,0.011463176886145038,5,0.5218442105263158,0.061826603047408724
GAE,direct,A,local,0.1,0.5230694736842105,0.053766999940004785,0.4809894736842105,0.615578947368421,0.0622160226535818,0.011561683380753604,5,0.5230694736842105,0.0622160226535818
GAE,direct,A,local,0.2,0.5235515789473684,0.053911477457606834,0.48091578947368424,0.6161052631578947,0.06251115308846825,0.011859143811412547,5,0.5235515789473684,0.06251115308846825
GAE,direct,A,local,0.3,0.5226757894736842,0.05398480877939058,0.4801263157894736,0.6157578947368421,0.06212095176687671,0.011553139648591733,5,0.5226757894736842,0.06212095176687671
GAE,direct,A,local,0.4,0.5228063157894737,0.054027214646302744,0.4801263157894737,0.615778947368421,0.06229699895684528,0.011739254725796188,5,0.5228063157894737,0.06229699895684528
GAE,direct,A,local,0.5,0.5226084210526316,0.0549460760081924,0.47747368421052633,0.6166947368421052,0.06179389866270206,0.011668796088296391,5,0.5226084210526316,0.06179389866270206
GAE,direct,A,local,0.6,0.5225494736842105,0.054224186526236895,0.4788842105263158,0.6156526315789473,0.06233482009633247,0.011854918618709045,5,0.5225494736842105,0.06233482009633247
GAE,direct,A,local,0.7,0.5229094736842106,0.05371011892880394,0.48080000000000006,0.6154315789473684,0.062176488281253786,0.011668476935386486,5,0.5229094736842106,0.062176488281253786
GAE,direct,A,local,0.8,0.5220021052631579,0.054310760885136186,0.477621052631579,0.615221052631579,0.06194622241719831,0.011844068006064214,5,0.5220021052631579,0.06194622241719831
GAE,direct,A,local,0.9,0.5227473684210526,0.053626936424238394,0.4806421052631579,0.6152842105263158,0.0620317266988427,0.011530055583361924,5,0.5227473684210526,0.0620317266988427
GAE,direct,A,local,1.0,0.5227663157894737,0.053509023962593084,0.4809684210526316,0.615178947368421,0.062225767614446294,0.011544067114750657,5,0.5227663157894737,0.062225767614446294
GAE,direct,B,global,0.0,1.0,0.0,1.0,1.0,1.0,0.0,5,1.0,1.0
GAE,direct,B,global,0.1,1.0,0.0,1.0,1.0,1.0,0.0,5,1.0,1.0
GAE,direct,B,global,0.2,1.0,0.0,1.0,1.0,1.0,0.0,5,1.0,1.0
GAE,direct,B,global,0.3,1.0,0.0,1.0,1.0,1.0,0.0,5,1.0,1.0
GAE,direct,B,global,0.4,1.0,0.0,1.0,1.0,1.0,0.0,5,1.0,1.0
GAE,direct,B,global,0.5,1.0,0.0,1.0,1.0,1.0,0.0,5,1.0,1.0
GAE,direct,B,global,0.6,1.0,0.0,1.0,1.0,1.0,0.0,5,1.0,1.0
GAE,direct,B,global,0.7,1.0,0.0,1.0,1.0,1.0,0.0,5,1.0,1.0
GAE,direct,B,global,0.8,1.0,0.0,1.0,1.0,1.0,0.0,5,1.0,1.0
GAE,direct,B,global,0.9,1.0,0.0,1.0,1.0,1.0,0.0,5,1.0,1.0
GAE,direct,B,global,1.0,1.0,0.0,1.0,1.0,1.0,0.0,5,1.0,1.0
GAE,direct,B,local,0.0,1.0,0.0,1.0,1.0,1.0,0.0,5,1.0,1.0
GAE,direct,B,local,0.1,1.0,0.0,1.0,1.0,1.0,0.0,5,1.0,1.0
GAE,direct,B,local,0.2,1.0,0.0,1.0,1.0,1.0,0.0,5,1.0,1.0
GAE,direct,B,local,0.3,1.0,0.0,1.0,1.0,1.0,0.0,5,1.0,1.0
GAE,direct,B,local,0.4,1.0,0.0,1.0,1.0,1.0,0.0,5,1.0,1.0
GAE,direct,B,local,0.5,1.0,0.0,1.0,1.0,1.0,0.0,5,1.0,1.0
GAE,direct,B,local,0.6,1.0,0.0,1.0,1.0,1.0,0.0,5,1.0,1.0
GAE,direct,B,local,0.7,1.0,0.0,1.0,1.0,1.0,0.0,5,1.0,1.0
GAE,direct,B,local,0.8,1.0,0.0,1.0,1.0,1.0,0.0,5,1.0,1.0
GAE,direct,B,local,0.9,1.0,0.0,1.0,1.0,1.0,0.0,5,1.0,1.0
GAE,direct,B,local,1.0,1.0,0.0,1.0,1.0,1.0,0.0,5,1.0,1.0
GAE,direct,C,none,0.0,0.9999831578947369,3.766009225263328e-05,0.9999157894736842,1.0,0.9996845211930927,0.0007054320577054347,5,0.9999831578947369,0.9996845211930927
GCAD,indirect,A,global,0.0,0.8974021052631578,0.03860141831390231,0.8485473684210526,0.937157894736842,0.460117173742586,0.14728241034560333,5,0.8974021052631578,0.460117173742586
GCAD,indirect,A,global,0.1,0.7775157894736842,0.04970530551281104,0.7163999999999999,0.8345894736842105,0.22791142692180713,0.1117080138282998,5,0.7775157894736842,0.22791142692180713
GCAD,indirect,A,global,0.2,0.6024842105263157,0.07765184463404108,0.5202947368421051,0.6896631578947368,0.08362209744378957,0.035138787867685484,5,0.6024842105263157,0.08362209744378957
GCAD,indirect,A,global,0.3,0.35856842105263154,0.055991576335182876,0.3083789473684211,0.4214105263157894,0.03695871942990016,0.003819480136099099,5,0.35856842105263154,0.03695871942990016
GCAD,indirect,A,global,0.4,0.15375999999999995,0.044056774250286625,0.1014526315789473,0.2084421052631578,0.02845751421513128,0.001167591489414819,5,0.15375999999999995,0.02845751421513128
GCAD,indirect,A,global,0.5,0.03765473684210522,0.017518658671886095,0.0170105263157894,0.0588210526315789,0.02629896272779448,0.0002249894007815294,5,0.03765473684210522,0.02629896272779448
GCAD,indirect,A,global,0.6,0.00578526315789468,0.0036229921366407467,0.001578947368421,0.010378947368421,0.025963534430648482,2.51536975264677e-05,5,0.00578526315789468,0.025963534430648482
GCAD,indirect,A,global,0.7,0.000437894736842058,0.0005472469500844199,4.210526315789664e-05,0.0013263157894736,0.025928940364248577,2.1569342317247746e-06,5,0.000437894736842058,0.025928940364248577
GCAD,indirect,A,global,0.8,8.421052631579328e-06,1.1531001210635598e-05,0.0,2.105263157894832e-05,0.02592724443888922,1.2125132696298938e-08,5,8.421052631579328e-06,0.02592724443888922
GCAD,indirect,A,global,0.9,0.0,0.0,0.0,0.0,0.025927235583944296,0.0,5,0.0,0.025927235583944296
GCAD,indirect,A,global,1.0,0.0,0.0,0.0,0.0,0.025927235583944296,0.0,5,0.0,0.025927235583944296
GCAD,indirect,A,local,0.0,0.8974021052631578,0.03860141831390231,0.8485473684210526,0.937157894736842,0.460117173742586,0.14728241034560333,5,0.8974021052631578,0.460117173742586
GCAD,indirect,A,local,0.1,0.7397347368421052,0.04733519208762446,0.6834526315789473,0.7883789473684211,0.17646459466651226,0.07754990175530252,5,0.7397347368421052,0.17646459466651226
GCAD,indirect,A,local,0.2,0.5016252631578947,0.05117919937585447,0.4560631578947368,0.5779157894736842,0.05327070601244625,0.012295403483633515,5,0.5016252631578947,0.05327070601244625
GCAD,indirect,A,local,0.3,0.21580631578947362,0.030185008111336353,0.1838947368421052,0.2516210526315789,0.030143403988343236,0.0010936340142590909,5,0.21580631578947362,0.030143403988343236
GCAD,indirect,A,local,0.4,0.04800842105263152,0.0147534988572832,0.0308842105263157,0.0598736842105263,0.02640146346795656,0.00018609881753658603,5,0.04800842105263152,0.02640146346795656
GCAD,indirect,A,local,0.5,0.00352421052631574,0.0018609621316409465,0.0016210526315789,0.0057263157894736,0.02594564458846376,1.3979247177702398e-05,5,0.00352421052631574,0.02594564458846376
GCAD,indirect,A,local,0.6,6.315789473682676e-05,6.315789473680908e-05,0.0,0.0001684210526315,0.025927311095357397,6.61757490964163e-08,5,6.315789473682676e-05,0.025927311095357397
GCAD,indirect,A,local,0.7,0.0,0.0,0.0,0.0,0.025927235583944296,0.0,5,0.0,0.025927235583944296
GCAD,indirect,A,local,0.8,0.0,0.0,0.0,0.0,0.025927235583944296,0.0,5,0.0,0.025927235583944296
GCAD,indirect,A,local,0.9,0.0,0.0,0.0,0.0,0.025927235583944296,0.0,5,0.0,0.025927235583944296
GCAD,indirect,A,local,1.0,0.0,0.0,0.0,0.0,0.025927235583944296,0.0,5,0.0,0.025927235583944296
GCAD,indirect,B,global,0.0,0.7899578947368421,0.050161898553404,0.7033684210526315,0.8254315789473683,0.22700764692490277,0.056556772103592404,5,0.7899578947368421,0.22700764692490277
GCAD,indirect,B,global,0.1,0.5995115789473684,0.04241241494926045,0.5264421052631579,0.6346105263157894,0.07336633733751968,0.009487506841545194,5,0.5995115789473684,0.07336633733751968
GCAD,indirect,B,global,0.2,0.3545810526315789,0.02085662758279546,0.3177052631578947,0.3686947368421052,0.036695760802660085,0.0012331877096371298,5,0.3545810526315789,0.036695760802660085
GCAD,indirect,B,global,0.3,0.1423915789473684,0.014533473446341491,0.1289052631578947,0.1668421052631579,0.028019460903347438,0.0003698725458755765,5,0.1423915789473684,0.028019460903347438
GCAD,indirect,B,global,0.4,0.031772631578947316,0.004928393623881052,0.0241473684210526,0.0371578947368421,0.02617923149643826,4.796274245388723e-05,5,0.031772631578947316,0.02617923149643826
GCAD,indirect,B,global,0.5,0.0022231578947367998,0.0010691959854964021,0.0013052631578947,0.0038105263157894,0.0259330030866541,1.8060975390721666e-06,5,0.0022231578947367998,0.0259330030866541
GCAD,indirect,B,global,0.6,0.0,0.0,0.0,0.0,0.025927235583944296,0.0,5,0.0,0.025927235583944296
GCAD,indirect,B,global,0.7,0.0,0.0,0.0,0.0,0.025927235583944296,0.0,5,0.0,0.025927235583944296
GCAD,indirect,B,global,0.8,0.0,0.0,0.0,0.0,0.025927235583944296,0.0,5,0.0,0.025927235583944296
GCAD,indirect,B,global,0.9,0.0,0.0,0.0,0.0,0.025927235583944296,0.0,5,0.0,0.025927235583944296
GCAD,indirect,B,global,1.0,0.0,0.0,0.0,0.0,0.02597510943070818,4.4670231266922365e-05,5,0.0,0.02597510943070818
GCAD,indirect,B,local,0.0,0.7899578947368421,0.050161898553404,0.7033684210526315,0.8254315789473683,0.22700764692490277,0.056556772103592404,5,0.7899578947368421,0.22700764692490277
GCAD,indirect,B,local,0.1,0.5956505263157894,0.04279024042816629,0.5208842105263158,0.6231157894736842,0.07296878425037293,0.008892232977350225,5,0.5956505263157894,0.07296878425037293
GCAD,indirect,B,local,0.2,0.3786610526315789,0.0281200379063748,0.3464210526315789,0.4057263157894737,0.0384988076775344,0.0016792931579412834,5,0.3786610526315789,0.0384988076775344
GCAD,indirect,B,local,0.3,0.18435789473684208,0.01286764500942742,0.1714736842105263,0.2057473684210526,0.0290875733218032,0.0003682690335655207,5,0.18435789473684208,0.0290875733218032
GCAD,indirect,B,local,0.4,0.06917052631578942,0.013326029763289495,0.0521052631578947,0.0862947368421052,0.02669618681062786,0.0001340130433788261,5,0.06917052631578942,0.02669618681062786
GCAD,indirect,B,local,0.5,0.01760842105263154,0.005055187949795331,0.0111578947368421,0.0226947368421052,0.026069512132236163,3.192943901216318e-05,5,0.01760842105263154,0.026069512132236163
GCAD,indirect,B,local,0.6,0.0029936842105262604,0.0008575427111141609,0.0021473684210526,0.0042947368421052,0.025943400651078564,4.412668558919551e-06,5,0.0029936842105262604,0.025943400651078564
GCAD,indirect,B,local,0.7,0.00079578947368418,0.0009840163050695132,0.0002315789473684,0.0025473684210526,0.025929501033452863,2.3290141403756465e-06,5,0.00079578947368418,0.025929501033452863
GCAD,indirect,B,local,0.8,0.00046736842105260854,0.0009406074538676886,0.0,0.0021473684210526,0.02592855258627144,2.785309748069779e-06,5,0.00046736842105260854,0.02592855258627144
GCAD,indirect,B,local,0.9,0.0003115789473684,0.0004569924564619513,0.0,0.0010105263157894,0.02592838376558588,1.8626198309785794e-06,5,0.0003115789473684,0.02592838376558588
GCAD,indirect,B,local,1.0,0.00076210526315786,0.001020607607847729,0.0,0.0022736842105263,0.025962155177048002,4.008522081224498e-05,5,0.00076210526315786,0.025962155177048002
GCAD,indirect,C,none,0.0,0.6412673684210526,0.036416490131018976,0.5879157894736842,0.690378947368421,0.1006878951849004,0.022679912887034838,5,0.6412673684210526,0.1006878951849004
GCAD+IDK,indirect,A,global,0.0,0.8657452631578948,0.05266173104729381,0.7800736842105264,0.915842105263158,0.3974232876600273,0.15271509918295417,5,0.8657452631578948,0.3974232876600273
GCAD+IDK,indirect,A,global,0.1,0.750618947368421,0.06632983117840062,0.6707157894736843,0.8256526315789474,0.20255586857951466,0.11359807435375298,5,0.750618947368421,0.20255586857951466
GCAD+IDK,indirect,A,global,0.2,0.5901894736842105,0.0976569429388158,0.4725368421052632,0.6845473684210526,0.08448398145280715,0.0427944203179378,5,0.5901894736842105,0.08448398145280715
GCAD+IDK,indirect,A,global,0.3,0.37285684210526315,0.10142416284527205,0.2538526315789474,0.4929684210526315,0.0412625163726986,0.0123470728255657,5,0.37285684210526315,0.0412625163726986
GCAD+IDK,indirect,A,global,0.4,0.18226105263157888,0.06107920356416939,0.1070947368421052,0.2578,0.029300742236365522,0.0018500816327876304,5,0.18226105263157888,0.029300742236365522
GCAD+IDK,indirect,A,global,0.5,0.06596210526315785,0.03548202510093186,0.0174315789473684,0.1118421052631579,0.026713214039441702,0.0005661367864707099,5,0.06596210526315785,0.026713214039441702
GCAD+IDK,indirect,A,global,0.6,0.01735999999999996,0.013294077159947066,0.0026315789473684,0.0385157894736842,0.02605192096307806,0.00011317335916314544,5,0.01735999999999996,0.02605192096307806
GCAD+IDK,indirect,A,global,0.7,0.00241263157894732,0.002573403278177185,0.0001263157894736,0.0067578947368421,0.025939656039185237,1.8591690849970406e-05,5,0.00241263157894732,0.025939656039185237
GCAD+IDK,indirect,A,global,0.8,0.0002084210526315616,0.0002710807343632748,0.0,0.0006736842105263,0.02592760004695952,5.733243605288173e-07,5,0.0002084210526315616,0.02592760004695952
GCAD+IDK,indirect,A,global,0.9,8.421052631578886e-06,1.883004612631388e-05,0.0,4.2105263157894426e-05,0.02592724444822004,1.9821123127214345e-08,5,8.421052631578886e-06,0.02592724444822004
GCAD+IDK,indirect,A,global,1.0,0.0,0.0,0.0,0.0,0.025942980118289577,2.56749554737698e-05,5,0.0,0.025942980118289577
GCAD+IDK,indirect,A,local,0.0,0.8657452631578948,0.05266173104729381,0.7800736842105264,0.915842105263158,0.3974232876600273,0.15271509918295417,5,0.8657452631578948,0.3974232876600273
GCAD+IDK,indirect,A,local,0.1,0.726618947368421,0.08155620817211125,0.6371368421052631,0.8115368421052631,0.17873865663273766,0.09842001524225147,5,0.726618947368421,0.17873865663273766
GCAD+IDK,indirect,A,local,0.2,0.49613894736842107,0.10085651210130656,0.3689368421052632,0.6020947368421052,0.06067469474920456,0.028923733438441224,5,0.49613894736842107,0.06067469474920456
GCAD+IDK,indirect,A,local,0.3,0.22675999999999993,0.06963107626026925,0.1628736842105263,0.3338105263157894,0.03129591526292378,0.0037705468318643734,5,0.22675999999999993,0.03129591526292378
GCAD+IDK,indirect,A,local,0.4,0.06569894736842101,0.04060545083014242,0.0284210526315789,0.1350631578947368,0.026694628361947897,0.000661248136448908,5,0.06569894736842101,0.026694628361947897
GCAD+IDK,indirect,A,local,0.5,0.00786315789473678,0.008690798139363772,0.0017684210526315,0.0231263157894736,0.02597292050819386,5.565754912647826e-05,5,0.00786315789473678,0.02597292050819386
GCAD+IDK,indirect,A,local,0.6,0.00033473684210525714,0.0005350020063648334,2.105263157894832e-05,0.0012736842105263,0.0259281288452545,1.593519564339179e-06,5,0.00033473684210525714,0.0259281288452545
GCAD+IDK,indirect,A,local,0.7,4.210526315789664e-06,9.415023063157435e-06,0.0,2.105263157894832e-05,0.02593112894351602,8.705816663215792e-06,5,4.210526315789664e-06,0.02593112894351602
GCAD+IDK,indirect,A,local,0.8,0.0,0.0,0.0,0.0,0.025927235583944296,0.0,5,0.0,0.025927235583944296
GCAD+IDK,indirect,A,local,0.9,0.0,0.0,0.0,0.0,0.02593500630669428,1.0641597138451464e-05,5,0.0,0.02593500630669428
GCAD+IDK,indirect,A,local,1.0,0.0,0.0,0.0,0.0,0.0259350230514844,1.7413306792238096e-05,5,0.0,0.0259350230514844
GCAD+IDK,indirect,B,global,0.0,0.7725157894736843,0.05274782215771822,0.6957263157894737,0.8326105263157895,0.19761927719104683,0.06328037988309333,5,0.7725157894736843,0.19761927719104683
GCAD+IDK,indirect,B,global,0.1,0.6127473684210526,0.05952785097373541,0.5334315789473684,0.6799368421052632,0.08160287979943599,0.029375363523207333,5,0.6127473684210526,0.08160287979943599
GCAD+IDK,indirect,B,global,0.2,0.3789094736842105,0.07373902457418567,0.290578947368421,0.4469578947368421,0.03984504463831004,0.007016828089494515,5,0.3789094736842105,0.03984504463831004
GCAD+IDK,indirect,B,global,0.3,0.17828421052631574,0.04186392413575587,0.1371894736842105,0.2338842105263158,0.02908828713074202,0.0013030622287490646,5,0.17828421052631574,0.02908828713074202
GCAD+IDK,indirect,B,global,0.4,0.04593263157894734,0.01964598399115223,0.0295894736842105,0.0791578947368421,0.0263669372792879,0.00021865385620554122,5,0.04593263157894734,0.0263669372792879
GCAD+IDK,indirect,B,global,0.5,0.004416842105263099,0.0032057911586546722,0.0016631578947368,0.0095999999999999,0.02595582654544678,1.9019946289239196e-05,5,0.004416842105263099,0.02595582654544678
GCAD+IDK,indirect,B,global,0.6,0.00027368421052629866,0.0005076697074436631,0.0,0.001178947368421,0.02592765168160524,7.14949314291009e-07,5,0.00027368421052629866,0.02592765168160524
GCAD+IDK,indirect,B,global,0.7,0.0,0.0,0.0,0.0,0.025939249170880096,1.7970577212923237e-05,5,0.0,0.025939249170880096
GCAD+IDK,indirect,B,global,0.8,0.0,0.0,0.0,0.0,0.02593106232521228,8.556853607507718e-06,5,0.0,0.02593106232521228
GCAD+IDK,indirect,B,global,0.9,0.0,0.0,0.0,0.0,0.025935296644350236,1.1038539577289858e-05,5,0.0,0.025935296644350236
GCAD+IDK,indirect,B,global,1.0,0.0,0.0,0.0,0.0,0.0259710105172207,2.6573139655849586e-05,5,0.0,0.0259710105172207
GCAD+IDK,indirect,B,local,0.0,0.7725157894736843,0.05274782215771822,0.6957263157894737,0.8326105263157895,0.19761927719104683,0.06328037988309333,5,0.7725157894736843,0.19761927719104683
GCAD+IDK,indirect,B,local,0.1,0.6103094736842105,0.0538760856913184,0.5358736842105263,0.6700736842105263,0.08196238041939388,0.02837994245642922,5,0.6103094736842105,0.08196238041939388
GCAD+IDK,indirect,B,local,0.2,0.40708631578947363,0.060987378649771745,0.3334,0.479157894736842,0.04092230244114486,0.005546200539483305,5,0.40708631578947363,0.04092230244114486
GCAD+IDK,indirect,B,local,0.3,0.21481052631578948,0.03949932009653637,0.1688421052631579,0.2574210526315789,0.03006209785717732,0.001332924824618878,5,0.21481052631578948,0.03006209785717732
GCAD+IDK,indirect,B,local,0.4,0.09675789473684207,0.02277895223270697,0.0734105263157894,0.1287684210526316,0.02713293818693972,0.0004399813891682022,5,0.09675789473684207,0.02713293818693972
GCAD+IDK,indirect,B,local,0.5,0.03388631578947364,0.010846977443859197,0.0245157894736842,0.0513052631578947,0.02624858681299284,0.00015320590303037485,5,0.03388631578947364,0.02624858681299284
GCAD+IDK,indirect,B,local,0.6,0.012726315789473641,0.004177004718820964,0.0056210526315789,0.0162947368421052,0.026026047807796382,3.2035562169312384e-05,5,0.012726315789473641,0.026026047807796382
GCAD+IDK,indirect,B,local,0.7,0.0071073684210526,0.003504823743597419,0.0009052631578947,0.0094736842105263,0.0259743109662934,2.6237997979325972e-05,5,0.0071073684210526,0.0259743109662934
GCAD+IDK,indirect,B,local,0.8,0.00493894736842102,0.0027923659286032726,0.0003368421052631,0.0072210526315789,0.025970637216748638,1.9587261518050522e-05,5,0.00493894736842102,0.025970637216748638
GCAD+IDK,indirect,B,local,0.9,0.006829473684210501,0.004766906928192494,0.0003578947368421,0.0135684210526315,0.0260018651294645,5.6621829780361764e-05,5,0.006829473684210501,0.0260018651294645
GCAD+IDK,indirect,B,local,1.0,0.02123578947368416,0.017967308879341132,0.000778947368421,0.0500526315789473,0.02624045987689692,0.0002560317848921184,5,0.02123578947368416,0.02624045987689692
GCAD+IDK,indirect,C,none,0.0,0.6437389473684211,0.029343884675806602,0.612957894736842,0.6899684210526316,0.09946857331810213,0.022794647222163237,5,0.6437389473684211,0.09946857331810213
IDK,none,A,global,0.0,0.5798842105263158,0.09679893459957183,0.4140315789473685,0.6614315789473684,0.07318628751362008,0.02085306589849016,5,0.5798842105263158,0.07318628751362008
IDK,none,A,global,0.1,0.3721663157894737,0.07421734250145205,0.2572842105263158,0.4649894736842105,0.03847907401465942,0.0055553054336797605,5,0.3721663157894737,0.03847907401465942
IDK,none,A,global,0.2,0.1874063157894737,0.045477670756054814,0.1294842105263157,0.2520842105263158,0.02916286761179852,0.001332184586022194,5,0.1874063157894737,0.02916286761179852
IDK,none,A,global,0.3,0.05673473684210521,0.01716555915350943,0.0405052631578947,0.0817052631578947,0.02648451139046462,0.0002717460287182421,5,0.05673473684210521,0.02648451139046462
IDK,none,A,global,0.4,0.01004421052631574,0.004888611900712684,0.0045263157894736,0.0164,0.02599915144861468,4.892888125401901e-05,5,0.01004421052631574,0.02599915144861468
IDK,none,A,global,0.5,0.0006021052631578399,0.0005127947432974127,0.0001263157894736,0.0013263157894736,0.025929616330554062,2.657062728313142e-06,5,0.0006021052631578399,0.025929616330554062
IDK,none,A,global,0.6,8.421052631579328e-06,1.1531001210635598e-05,0.0,2.105263157894832e-05,0.025931295646148978,9.053831525030746e-06,5,8.421052631579328e-06,0.025931295646148978
IDK,none,A,global,0.7,0.0,0.0,0.0,0.0,0.02593505299393334,1.0704512059255903e-05,5,0.0,0.02593505299393334
IDK,none,A,global,0.8,0.0,0.0,0.0,0.0,0.02593529915842644,1.1045806003738581e-05,5,0.0,0.02593529915842644
IDK,none,A,global,0.9,0.0,0.0,0.0,0.0,0.025939476522697857,1.811172866917071e-05,5,0.0,0.025939476522697857
IDK,none,A,global,1.0,0.0,0.0,0.0,0.0,0.05,0.0,5,0.0,0.05
IDK,none,A,local,0.0,0.5798842105263158,0.09679893459957183,0.4140315789473685,0.6614315789473684,0.07318628751362008,0.02085306589849016,5,0.5798842105263158,0.07318628751362008
IDK,none,A,local,0.1,0.3709368421052631,0.08126919666681712,0.2533894736842105,0.482757894736842,0.03894759488390146,0.007227687882711832,5,0.3709368421052631,0.03894759488390146
IDK,none,A,local,0.2,0.19204631578947368,0.0502900785443809,0.1245052631578947,0.2641473684210526,0.02940703952695962,0.0014698819420817938,5,0.19204631578947368,0.02940703952695962
IDK,none,A,local,0.3,0.0739073684210526,0.021570891179095688,0.0629263157894736,0.1124315789473684,0.02671727934508414,0.00033380125228336786,5,0.0739073684210526,0.02671727934508414
IDK,none,A,local,0.4,0.02044210526315786,0.009687562349008551,0.0115368421052631,0.0369473684210526,0.02608120152319974,8.426707879941488e-05,5,0.02044210526315786,0.02608120152319974
IDK,none,A,local,0.5,0.00413894736842102,0.0023431210097820507,0.0016631578947368,0.0078315789473684,0.025948132690472404,1.1882480197573925e-05,5,0.00413894736842102,0.025948132690472404
IDK,none,A,local,0.6,0.0005810526315788999,0.0003201800047739716,0.0001473684210526,0.0010105263157894,0.0259294449054971,1.970878239861826e-06,5,0.0005810526315788999,0.0259294449054971
IDK,none,A,local,0.7,6.315789473680898e-05,6.31578947368e-05,0.0,0.0001263157894736,0.025931415635790062,9.198433368193401e-06,5,6.315789473680898e-05,0.025931415635790062
IDK,none,A,local,0.8,4.210526315789664e-06,9.415023063157435e-06,0.0,2.105263157894832e-05,0.025931241485644095,8.945098486351661e-06,5,4.210526315789664e-06,0.025931241485644095
IDK,none,A,local,0.9,0.0,0.0,0.0,0.0,0.025939078641667817,1.0813024172778408e-05,5,0.0,0.025939078641667817
IDK,none,A,local,1.0,6.315789473684e-05,0.00014122534594735041,0.0,0.0003157894736842,0.033885645321197796,0.00017181620969972876,5,6.315789473684e-05,0.033885645321197796
IDK,none,B,global,0.0,0.5798842105263158,0.09679893459957183,0.4140315789473685,0.6614315789473684,0.07318628751362008,0.02085306589849016,5,0.5798842105263158,0.07318628751362008
IDK,none,B,global,0.1,0.3721663157894737,0.07421734250145205,0.2572842105263158,0.4649894736842105,0.03847907401465942,0.0055553054336797605,5,0.3721663157894737,0.03847907401465942
IDK,none,B,global,0.2,0.1874063157894737,0.045477670756054814,0.1294842105263157,0.2520842105263158,0.02916286761179852,0.001332184586022194,5,0.1874063157894737,0.02916286761179852
IDK,none,B,global,0.3,0.05673473684210521,0.01716555915350943,0.0405052631578947,0.0817052631578947,0.02648451139046462,0.0002717460287182421,5,0.05673473684210521,0.02648451139046462
IDK,none,B,global,0.4,0.01004421052631574,0.004888611900712684,0.0045263157894736,0.0164,0.02599915144861468,4.892888125401901e-05,5,0.01004421052631574,0.02599915144861468
IDK,none,B,global,0.5,0.0006021052631578399,0.0005127947432974127,0.0001263157894736,0.0013263157894736,0.025929616330554062,2.657062728313142e-06,5,0.0006021052631578399,0.025929616330554062
IDK,none,B,global,0.6,8.421052631579328e-06,1.1531001210635598e-05,0.0,2.105263157894832e-05,0.025931295646148978,9.053831525030746e-06,5,8.421052631579328e-06,0.025931295646148978
IDK,none,B,global,0.7,0.0,0.0,0.0,0.0,0.02593505299393334,1.0704512059255903e-05,5,0.0,0.02593505299393334
IDK,none,B,global,0.8,0.0,0.0,0.0,0.0,0.02593529915842644,1.1045806003738581e-05,5,0.0,0.02593529915842644
IDK,none,B,global,0.9,0.0,0.0,0.0,0.0,0.025939476522697857,1.811172866917071e-05,5,0.0,0.025939476522697857
IDK,none,B,global,1.0,0.0,0.0,0.0,0.0,0.05,0.0,5,0.0,0.05
IDK,none,B,local,0.0,0.5798842105263158,0.09679893459957183,0.4140315789473685,0.6614315789473684,0.07318628751362008,0.02085306589849016,5,0.5798842105263158,0.07318628751362008
IDK,none,B,local,0.1,0.3709368421052631,0.08126919666681712,0.2533894736842105,0.482757894736842,0.03894759488390146,0.007227687882711832,5,0.3709368421052631,0.03894759488390146
IDK,none,B,local,0.2,0.19204631578947368,0.0502900785443809,0.1245052631578947,0.2641473684210526,0.02940703952695962,0.0014698819420817938,5,0.19204631578947368,0.02940703952695962
IDK,none,B,local,0.3,0.0739073684210526,0.021570891179095688,0.0629263157894736,0.1124315789473684,0.02671727934508414,0.00033380125228336786,5,0.0739073684210526,0.02671727934508414
IDK,none,B,local,0.4,0.02044210526315786,0.009687562349008551,0.0115368421052631,0.0369473684210526,0.02608120152319974,8.426707879941488e-05,5,0.02044210526315786,0.02608120152319974
IDK,none,B,local,0.5,0.00413894736842102,0.0023431210097820507,0.0016631578947368,0.0078315789473684,0.025948132690472404,1.1882480197573925e-05,5,0.00413894736842102,0.025948132690472404
IDK,none,B,local,0.6,0.0005810526315788999,0.0003201800047739716,0.0001473684210526,0.0010105263157894,0.0259294449054971,1.970878239861826e-06,5,0.0005810526315788999,0.0259294449054971
IDK,none,B,local,0.7,6.315789473680898e-05,6.31578947368e-05,0.0,0.0001263157894736,0.025931415635790062,9.198433368193401e-06,5,6.315789473680898e-05,0.025931415635790062
IDK,none,B,local,0.8,4.210526315789664e-06,9.415023063157435e-06,0.0,2.105263157894832e-05,0.025931241485644095,8.945098486351661e-06,5,4.210526315789664e-06,0.025931241485644095
IDK,none,B,local,0.9,0.0,0.0,0.0,0.0,0.025939078641667817,1.0813024172778408e-05,5,0.0,0.025939078641667817
IDK,none,B,local,1.0,6.315789473684e-05,0.00014122534594735041,0.0,0.0003157894736842,0.033885645321197796,0.00017181620969972876,5,6.315789473684e-05,0.033885645321197796
IDK,none,C,none,0.0,0.4653242105263158,0.032111149934851355,0.417978947368421,0.5042210526315789,0.04812742941779808,0.002217464689154966,5,0.4653242105263158,0.04812742941779808
LOF,none,A,global,0.0,0.8984547368421053,0.04088458886485466,0.8318736842105263,0.937557894736842,0.4673638690817553,0.10311648673318309,5,0.8984547368421053,0.4673638690817553
LOF,none,A,global,0.1,0.7366884210526315,0.07116597104588014,0.6208210526315789,0.804821052631579,0.17373168907517667,0.05676937642049555,5,0.7366884210526315,0.17373168907517667
LOF,none,A,global,0.2,0.3811726315789473,0.048971273506096036,0.3035368421052631,0.4280631578947368,0.0440165507195837,0.006153920437108427,5,0.3811726315789473,0.0440165507195837
LOF,none,A,global,0.3,0.08440421052631576,0.02649000605988287,0.0533473684210526,0.111178947368421,0.026755555662273122,0.00042339898988296207,5,0.08440421052631576,0.026755555662273122
LOF,none,A,global,0.4,0.00614736842105258,0.0041960540756875685,0.001178947368421,0.0104631578947368,0.025945476723948303,1.6864882053698202e-05,5,0.00614736842105258,0.025945476723948303
LOF,none,A,global,0.5,0.00060631578947364,0.000801439148745098,0.0,0.001978947368421,0.02592896086046658,2.808694000619352e-06,5,0.00060631578947364,0.02592896086046658
LOF,none,A,global,0.6,0.0006315789473683886,0.001179605079695863,0.0,0.0027368421052631,0.02592922970947218,4.066059605480304e-06,5,0.0006315789473683886,0.02592922970947218
LOF,none,A,global,0.7,0.00039578947368418,0.0006474154882333351,0.0,0.0015368421052631,0.02592841000182196,2.134062579913012e-06,5,0.00039578947368418,0.02592841000182196
LOF,none,A,global,0.8,1.2631578947368993e-05,1.883004612631487e-05,0.0,4.210526315789664e-05,0.02592725327523134,2.882435625662588e-08,5,1.2631578947368993e-05,0.02592725327523134
LOF,none,A,global,0.9,0.0,0.0,0.0,0.0,0.025927235583944296,0.0,5,0.0,0.025927235583944296
LOF,none,A,global,1.0,0.0,0.0,0.0,0.0,0.05,0.0,5,0.0,0.05
LOF,none,A,local,0.0,0.8984547368421053,0.04088458886485466,0.8318736842105263,0.937557894736842,0.4673638690817553,0.10311648673318309,5,0.8984547368421053,0.4673638690817553
LOF,none,A,local,0.1,0.7349431578947369,0.07160531039283531,0.6185684210526317,0.8036736842105263,0.17174508474251918,0.05923101745762725,5,0.7349431578947369,0.17174508474251918
LOF,none,A,local,0.2,0.3819221052631579,0.050422190735424824,0.3078947368421052,0.4396842105263159,0.04362783462167412,0.006120976354946254,5,0.3819221052631579,0.04362783462167412
LOF,none,A,local,0.3,0.08263157894736838,0.022741295860089474,0.0567157894736842,0.1056,0.026692740596438603,0.0003562709370576167,5,0.08263157894736838,0.026692740596438603
LOF,none,A,local,0.4,0.0050652631578946995,0.00286124549135036,0.0015578947368421,0.0090105263157894,0.02594939266511302,1.77734216599481e-05,5,0.0050652631578946995,0.02594939266511302
LOF,none,A,local,0.5,0.00118736842105258,0.0011640601406629916,0.0001263157894736,0.0026526315789473,0.025934753214420243,8.637746919678685e-06,5,0.00118736842105258,0.025934753214420243
LOF,none,A,local,0.6,0.0006989473684210085,0.0007091643867424723,6.315789473684274e-05,0.0016,0.02593280544966662,7.62286974975526e-06,5,0.0006989473684210085,0.02593280544966662
LOF,none,A,local,0.7,0.0005178947368420897,0.000652733438570637,0.0,0.0012421052631579,0.02593163194484076,6.7685439966243535e-06,5,0.0005178947368420897,0.02593163194484076
LOF,none,A,local,0.8,0.0028421052631578602,0.0028574246002756347,0.0005052631578947,0.0077473684210526,0.025957874195432162,2.922805197603462e-05,5,0.0028421052631578602,0.025957874195432162
LOF,none,A,local,0.9,0.02410947368421048,0.015136881633796553,0.0037052631578947,0.0454105263157894,0.02631038616291816,0.00032022007420098874,5,0.02410947368421048,0.02631038616291816
LOF,none,A,local,1.0,0.07583157894736839,0.025246933386638498,0.0513052631578947,0.1039368421052631,0.03635303915171486,0.0007295175051860339,5,0.07583157894736839,0.03635303915171486
LOF,none,B,global,0.0,0.8984547368421053,0.04088458886485466,0.8318736842105263,0.937557894736842,0.4673638690817553,0.10311648673318309,5,0.8984547368421053,0.4673638690817553
LOF,none,B,global,0.1,0.7366884210526315,0.07116597104588014,0.6208210526315789,0.804821052631579,0.17373168907517667,0.05676937642049555,5,0.7366884210526315,0.17373168907517667
LOF,none,B,global,0.2,0.3811726315789473,0.048971273506096036,0.3035368421052631,0.4280631578947368,0.0440165507195837,0.006153920437108427,5,0.3811726315789473,0.0440165507195837
LOF,none,B,global,0.3,0.08440421052631576,0.02649000605988287,0.0533473684210526,0.111178947368421,0.026755555662273122,0.00042339898988296207,5,0.08440421052631576,0.026755555662273122
LOF,none,B,global,0.4,0.00614736842105258,0.0041960540756875685,0.001178947368421,0.0104631578947368,0.025945476723948303,1.6864882053698202e-05,5,0.00614736842105258,0.025945476723948303
LOF,none,B,global,0.5,0.00060631578947364,0.000801439148745098,0.0,0.001978947368421,0.02592896086046658,2.808694000619352e-06,5,0.00060631578947364,0.02592896086046658
LOF,none,B,global,0.6,0.0006315789473683886,0.001179605079695863,0.0,0.0027368421052631,0.02592922970947218,4.066059605480304e-06,5,0.0006315789473683886,0.02592922970947218
LOF,none,B,global,0.7,0.00039578947368418,0.0006474154882333351,0.0,0.0015368421052631,0.02592841000182196,2.134062579913012e-06,5,0.00039578947368418,0.02592841000182196
LOF,none,B,global,0.8,1.2631578947368993e-05,1.883004612631487e-05,0.0,4.210526315789664e-05,0.02592725327523134,2.882435625662588e-08,5,1.2631578947368993e-05,0.02592725327523134
LOF,none,B,global,0.9,0.0,0.0,0.0,0.0,0.025927235583944296,0.0,5,0.0,0.025927235583944296
LOF,none,B,global,1.0,0.0,0.0,0.0,0.0,0.05,0.0,5,0.0,0.05
LOF,none,B,local,0.0,0.8984547368421053,0.04088458886485466,0.8318736842105263,0.937557894736842,0.4673638690817553,0.10311648673318309,5,0.8984547368421053,0.4673638690817553
LOF,none,B,local,0.1,0.7349431578947369,0.07160531039283531,0.6185684210526317,0.8036736842105263,0.17174508474251918,0.05923101745762725,5,0.7349431578947369,0.17174508474251918
LOF,none,B,local,0.2,0.3819221052631579,0.050422190735424824,0.3078947368421052,0.4396842105263159,0.04362783462167412,0.006120976354946254,5,0.3819221052631579,0.04362783462167412
LOF,none,B,local,0.3,0.08263157894736838,0.022741295860089474,0.0567157894736842,0.1056,0.026692740596438603,0.0003562709370576167,5,0.08263157894736838,0.026692740596438603
LOF,none,B,local,0.4,0.0050652631578946995,0.00286124549135036,0.0015578947368421,0.0090105263157894,0.02594939266511302,1.77734216599481e-05,5,0.0050652631578946995,0.02594939266511302
LOF,none,B,local,0.5,0.00118736842105258,0.0011640601406629916,0.0001263157894736,0.0026526315789473,0.025934753214420243,8.637746919678685e-06,5,0.00118736842105258,0.025934753214420243
LOF,none,B,local,0.6,0.0006989473684210085,0.0007091643867424723,6.315789473684274e-05,0.0016,0.02593280544966662,7.62286974975526e-06,5,0.0006989473684210085,0.02593280544966662
LOF,none,B,local,0.7,0.0005178947368420897,0.000652733438570637,0.0,0.0012421052631579,0.02593163194484076,6.7685439966243535e-06,5,0.0005178947368420897,0.02593163194484076
LOF,none,B,local,0.8,0.0028421052631578602,0.0028574246002756347,0.0005052631578947,0.0077473684210526,0.025957874195432162,2.922805197603462e-05,5,0.0028421052631578602,0.025957874195432162
LOF,none,B,local,0.9,0.02410947368421048,0.015136881633796553,0.0037052631578947,0.0454105263157894,0.02631038616291816,0.00032022007420098874,5,0.02410947368421048,0.02631038616291816
LOF,none,B,local,1.0,0.07583157894736839,0.025246933386638498,0.0513052631578947,0.1039368421052631,0.03635303915171486,0.0007295175051860339,5,0.07583157894736839,0.03635303915171486
LOF,none,C,none,0.0,0.46431157894736835,0.026693833622441817,0.4341263157894736,0.502821052631579,0.04747528999960484,0.00289191079181465,5,0.46431157894736835,0.04747528999960484
ONE,indirect,A,global,0.0,0.5033726315789473,0.04887756743474408,0.4409473684210526,0.5778315789473685,0.057104531256769696,0.010443940546242758,5,0.5033726315789473,0.057104531256769696
ONE,indirect,A,global,0.1,0.4958694736842105,0.05959925337426705,0.3948842105263158,0.5496842105263158,0.055685691018986336,0.011928502097186029,5,0.4958694736842105,0.055685691018986336
ONE,indirect,A,global,0.2,0.491941052631579,0.035716834644300616,0.434778947368421,0.5192631578947369,0.05506867062282761,0.01015112338444849,5,0.491941052631579,0.05506867062282761
ONE,indirect,A,global,0.3,0.48261473684210526,0.03863297688564904,0.4485684210526316,0.5440631578947369,0.059024961407962685,0.01017075497605321,5,0.48261473684210526,0.059024961407962685
ONE,indirect,A,global,0.4,0.4668210526315789,0.056787431795885024,0.3972631578947369,0.5265052631578947,0.04989632556681164,0.0061184562889782385,5,0.4668210526315789,0.04989632556681164
ONE,indirect,A,global,0.5,0.4786736842105263,0.053185549867247245,0.4194736842105263,0.5441894736842106,0.05138685188083467,0.00991268469974375,5,0.4786736842105263,0.05138685188083467
ONE,indirect,A,global,0.6,0.4793642105263157,0.07117568821443028,0.3867157894736842,0.5773052631578948,0.05162357290256706,0.01070655612617554,5,0.4793642105263157,0.05162357290256706
ONE,indirect,A,global,0.7,0.4742610526315789,0.03494919652796236,0.4210736842105263,0.5076421052631579,0.04729061009032194,0.004106949062814253,5,0.4742610526315789,0.04729061009032194
ONE,indirect,A,global,0.8,0.45561684210526315,0.04953690786673336,0.3733052631578947,0.4988210526315789,0.04594940938647474,0.005811803755167306,5,0.45561684210526315,0.04594940938647474
ONE,indirect,A,global,0.9,0.4638568421052631,0.02707494226429593,0.4273263157894737,0.4897263157894737,0.0511984241934159,0.0072194887016395716,5,0.4638568421052631,0.0511984241934159
ONE,indirect,A,global,1.0,0.4692631578947369,0.061818056690290626,0.4069894736842105,0.5709052631578947,0.05274665571512042,0.012411586825925134,5,0.4692631578947369,0.05274665571512042
ONE,indirect,A,local,0.0,0.4840336842105263,0.014933081385554353,0.4646105263157895,0.5041894736842105,0.052643610063608536,0.0032148508499689776,5,0.4840336842105263,0.052643610063608536
ONE,indirect,A,local,0.1,0.4975494736842105,0.02954246335826175,0.4522105263157894,0.5327999999999999,0.057571816204110934,0.009965012049094151,5,0.4975494736842105,0.057571816204110934
ONE,indirect,A,local,0.2,0.4557052631578947,0.032611684937455074,0.4046736842105263,0.4932,0.04665320988139198,0.004969194655473504,5,0.4557052631578947,0.04665320988139198
ONE,indirect,A,local,0.3,0.5047578947368421,0.0336200935828676,0.4613894736842105,0.5504421052631578,0.055805667735793076,0.00950522830599071,5,0.5047578947368421,0.055805667735793076
ONE,indirect,A,local,0.4,0.49273684210526314,0.03920418599392141,0.4363157894736842,0.5342736842105263,0.05667235958292126,0.010303737685049365,5,0.49273684210526314,0.05667235958292126
ONE,indirect,A,local,0.5,0.5096589473684211,0.053159360896925086,0.4394947368421052,0.5810736842105263,0.05564637637192218,0.007618519063107242,5,0.5096589473684211,0.05564637637192218
ONE,indirect,A,local,0.6,0.48831578947368415,0.045223877692800805,0.4446526315789474,0.5531999999999999,0.05579603549686822,0.010521051576659824,5,0.48831578947368415,0.05579603549686822
ONE,indirect,A,local,0.7,0.480837894736842,0.03955027348785326,0.4549684210526315,0.5499157894736841,0.04960773091166392,0.0053918480351001176,5,0.480837894736842,0.04960773091166392
ONE,indirect,A,local,0.8,0.5112378947368421,0.05130070039966165,0.458021052631579,0.5922736842105263,0.053228355788468365,0.008056938061714375,5,0.5112378947368421,0.053228355788468365
ONE,indirect,A,local,0.9,0.49139789473684214,0.03620079612231197,0.4549894736842105,0.5366947368421052,0.05515257993600582,0.01375963460576469,5,0.49139789473684214,0.05515257993600582
ONE,indirect,A,local,1.0,0.48210947368421053,0.00973382485256381,0.4702947368421052,0.4926526315789474,0.05377662545913912,0.002534434485982145,5,0.48210947368421053,0.05377662545913912
ONE,indirect,B,global,0.0,0.49304,0.04644540380517797,0.4349473684210526,0.541936842105263,0.058262601750480356,0.02118697877596964,5,0.49304,0.058262601750480356
ONE,indirect,B,global,0.1,0.4819031578947368,0.027304851678918832,0.4447578947368421,0.5100421052631579,0.05346131566090012,0.0046521540307057595,5,0.4819031578947368,0.05346131566090012
ONE,indirect,B,global,0.2,0.5238021052631578,0.06777132414769019,0.4170947368421053,0.5951368421052631,0.06360736474274868,0.02328947727662918,5,0.5238021052631578,0.06360736474274868
ONE,indirect,B,global,0.3,0.4760715789473684,0.0616247146161631,0.4090736842105263,0.5477894736842105,0.05522199447669426,0.014420556050569844,5,0.4760715789473684,0.05522199447669426
ONE,indirect,B,global,0.4,0.5117557894736842,0.047352429113365305,0.4530526315789474,0.5721052631578947,0.06576095985764302,0.011921162520678496,5,0.5117557894736842,0.06576095985764302
ONE,indirect,B,global,0.5,0.46640421052631575,0.07099697999897654,0.3798526315789473,0.5355157894736842,0.052569001758805856,0.01675525973344861,5,0.46640421052631575,0.052569001758805856
ONE,indirect,B,global,0.6,0.4763073684210527,0.018033416811121947,0.4599157894736843,0.5048421052631579,0.048972186723259856,0.0034992549775464065,5,0.4763073684210527,0.048972186723259856
ONE,indirect,B,global,0.7,0.4835494736842104,0.0336380361151511,0.4571578947368421,0.5335157894736842,0.0528690491619946,0.0033793451511642566,5,0.4835494736842104,0.0528690491619946
ONE,indirect,B,global,0.8,0.45527157894736836,0.04351528938169087,0.4023368421052632,0.5140421052631579,0.04992769059633656,0.005649290773199076,5,0.45527157894736836,0.04992769059633656
ONE,indirect,B,global,0.9,0.5105178947368421,0.05223650372421225,0.452021052631579,0.5819157894736842,0.055470805492814926,0.010917207110065327,5,0.5105178947368421,0.055470805492814926
ONE,indirect,B,global,1.0,0.4397010526315789,0.021512706546045944,0.4105894736842105,0.4582315789473684,0.04583265257985108,0.0035860870962902782,5,0.4397010526315789,0.04583265257985108
ONE,indirect,B,local,0.0,0.4808673684210526,0.03723005785324852,0.4416421052631579,0.539978947368421,0.04901212750354168,0.005448301060651101,5,0.4808673684210526,0.04901212750354168
ONE,indirect,B,local,0.1,0.5426315789473684,0.04374975678602754,0.4900210526315789,0.609957894736842,0.06853828457876122,0.01791904219406939,5,0.5426315789473684,0.06853828457876122
ONE,indirect,B,local,0.2,0.4870484210526316,0.04872059158427092,0.4279157894736842,0.5421894736842106,0.05409434553407262,0.011090210715995658,5,0.4870484210526316,0.05409434553407262
ONE,indirect,B,local,0.3,0.4900884210526316,0.016132645452853638,0.4723368421052631,0.5132,0.05326490434595053,0.0031169079952063543,5,0.4900884210526316,0.05326490434595053
ONE,indirect,B,local,0.4,0.4872421052631578,0.04995987974852957,0.4364210526315789,0.5674526315789473,0.05123392792546786,0.010022095135680194,5,0.4872421052631578,0.05123392792546786
ONE,indirect,B,local,0.5,0.48290105263157895,0.028526255195119154,0.4385473684210527,0.5084,0.05094315117004093,0.005621911726179301,5,0.48290105263157895,0.05094315117004093
ONE,indirect,B,local,0.6,0.4746947368421052,0.038681817326616796,0.425178947368421,0.5143789473684209,0.048483426633789836,0.005141995963177612,5,0.4746947368421052,0.048483426633789836
ONE,indirect,B,local,0.7,0.4854442105263158,0.04814655512166058,0.4414526315789474,0.5641894736842105,0.05309239680426492,0.010656382562167666,5,0.4854442105263158,0.05309239680426492
ONE,indirect,B,local,0.8,0.49170526315789476,0.03056034763620062,0.4500210526315789,0.5310947368421053,0.057431008887514234,0.010330835853155997,5,0.49170526315789476,0.057431008887514234
ONE,indirect,B,local,0.9,0.46607157894736845,0.017336657398434475,0.4466736842105263,0.4868,0.046536531331928845,0.0025789535321406086,5,0.46607157894736845,0.046536531331928845
ONE,indirect,B,local,1.0,0.5036252631578948,0.03873501540315365,0.4513473684210526,0.5330736842105264,0.060470794066475965,0.009459088975266178,5,0.5036252631578948,0.060470794066475965
ONE,indirect,C,none,0.0,0.529797894736842,0.043123623363149365,0.4569473684210526,0.5687368421052632,0.07148675604623084,0.01886239478899551,5,0.529797894736842,0.07148675604623084
Radar,indirect,A,global,0.0,0.4870336842105263,0.049540820293433416,0.4344736842105263,0.5670315789473686,0.04750187970946096,0.0069836333965947505,5,0.4870336842105263,0.04750187970946096
Radar,indirect,A,global,0.1,0.4821263157894736,0.04564817157200313,0.436378947368421,0.5569684210526316,0.04626730834563052,0.005687574967965019,5,0.4821263157894736,0.04626730834563052
Radar,indirect,A,global,0.2,0.47824,0.042612964357128906,0.4353052631578947,0.5469684210526315,0.0454475892305448,0.004780541884915424,5,0.47824,0.0454475892305448
Radar,indirect,A,global,0.3,0.4754736842105263,0.039329330437816785,0.4356421052631579,0.5365473684210527,0.04487810596131666,0.003977059310947745,5,0.4754736842105263,0.04487810596131666
Radar,indirect,A,global,0.4,0.4730968421052631,0.035348139861805336,0.435978947368421,0.5243157894736842,0.0444717969008151,0.0032447598731253475,5,0.4730968421052631,0.0444717969008151
Radar,indirect,A,global,0.5,0.47109684210526315,0.03051516529562622,0.4351368421052631,0.5119157894736842,0.0441829273448456,0.0026440187403921557,5,0.47109684210526315,0.0441829273448456
Radar,indirect,A,global,0.6,0.4689515789473684,0.025624846840971927,0.4326947368421052,0.4992,0.04395428433065078,0.00223121904705175,5,0.4689515789473684,0.04395428433065078
Radar,indirect,A,global,0.7,0.46940210526315784,0.01959122761457235,0.438421052631579,0.4893263157894736,0.04394074741763992,0.0018185502145088427,5,0.46940210526315784,0.04394074741763992
Radar,indirect,A,global,0.8,0.474298947368421,0.016330407034297032,0.4490947368421052,0.4882736842105263,0.04431527545966944,0.0016355024342210502,5,0.474298947368421,0.04431527545966944
Radar,indirect,A,global,0.9,0.4754926315789474,0.017523082363341946,0.4472,0.4931684210526316,0.04440403173233398,0.0016836456078394338,5,0.4754926315789474,0.04440403173233398
Radar,indirect,A,global,1.0,0.4744273684210526,0.01770678947047711,0.4464421052631579,0.4908842105263157,0.04439539743785812,0.001654604072847389,5,0.4744273684210526,0.04439539743785812
Radar,indirect,A,local,0.0,0.4870336842105263,0.049540820293433416,0.4344736842105263,0.5670315789473686,0.04750187970946096,0.0069836333965947505,5,0.4870336842105263,0.04750187970946096
Radar,indirect,A,local,0.1,0.4824252631578947,0.04729062711301664,0.432357894736842,0.5589684210526316,0.0463208198861852,0.005954930182876621,5,0.4824252631578947,0.0463208198861852
Radar,indirect,A,local,0.2,0.48101052631578944,0.04350341789355242,0.4329894736842105,0.5505052631578948,0.04572506687207202,0.005021256541512836,5,0.48101052631578944,0.04572506687207202
Radar,indirect,A,local,0.3,0.4808042105263158,0.039206385934703845,0.4341263157894737,0.5407157894736843,0.0454267306874945,0.004231969349511286,5,0.4808042105263158,0.0454267306874945
Radar,indirect,A,local,0.4,0.48240842105263154,0.032908241775143565,0.4399157894736841,0.5286947368421052,0.045394799952071,0.003346481359507232,5,0.48240842105263154,0.045394799952071
Radar,indirect,A,local,0.5,0.48471157894736844,0.02564035686719293,0.4461052631578947,0.5145894736842105,0.04560261083836032,0.0025868125268768195,5,0.48471157894736844,0.04560261083836032
Radar,indirect,A,local,0.6,0.4892673684210527,0.021137709145563524,0.4546105263157894,0.5063368421052632,0.04614484187452238,0.0023828347598235733,5,0.4892673684210527,0.04614484187452238
Radar,indirect,A,local,0.7,0.4945221052631578,0.01566475762911595,0.4698842105263158,0.5108421052631578,0.04690206590802086,0.002149585903275184,5,0.4945221052631578,0.04690206590802086
Radar,indirect,A,local,0.8,0.4980399999999999,0.011154787054813181,0.4850315789473683,0.5131052631578947,0.04773875334705014,0.0020315192171615946,5,0.4980399999999999,0.04773875334705014
Radar,indirect,A,local,0.9,0.5042147368421052,0.01296057007740407,0.4832210526315789,0.5155157894736841,0.04901810873555386,0.0018798605944406657,5,0.5042147368421052,0.04901810873555386
Radar,indirect,A,local,1.0,0.5081136842105263,0.020170649256103367,0.4778947368421052,0.5331157894736842,0.05079315793804806,0.0029065676175650196,5,0.5081136842105263,0.05079315793804806
Radar,indirect,B,global,0.0,0.45905263157894743,0.06973745938157794,0.3735157894736842,0.5542947368421053,0.04536974534027974,0.005425086802798528,5,0.45905263157894743,0.04536974534027974
Radar,indirect,B,global,0.1,0.46062105263157893,0.07021464518810851,0.3757263157894737,0.5594736842105263,0.04546773386030952,0.0055881150642335025,5,0.46062105263157893,0.04546773386030952
Radar,indirect,B,global,0.2,0.4615915789473684,0.06961133946216988,0.3782315789473684,0.5617052631578947,0.04552942944676016,0.005594889666875877,5,0.4615915789473684,0.04552942944676016
Radar,indirect,B,global,0.3,0.4612463157894736,0.0677454930884337,0.3805473684210526,0.5592842105263158,0.04550836432269252,0.005389932297994921,5,0.4612463157894736,0.04550836432269252
Radar,indirect,B,global,0.4,0.46006105263157887,0.06554094548163032,0.3817263157894737,0.5536,0.04554426761334368,0.005210194750109025,5,0.46006105263157887,0.04554426761334368
Radar,indirect,B,global,0.5,0.4583115789473684,0.06332259516295702,0.3805052631578947,0.5442842105263158,0.04555547084526238,0.0049902991414301845,5,0.4583115789473684,0.04555547084526238
Radar,indirect,B,global,0.6,0.4566652631578947,0.06241514412437486,0.3785052631578947,0.5361473684210527,0.04541921240354814,0.004768830579240531,5,0.4566652631578947,0.04541921240354814
Radar,indirect,B,global,0.7,0.45652,0.06328600148041831,0.3767368421052631,0.5381473684210527,0.04537630474114288,0.0048002192642037705,5,0.45652,0.04537630474114288
Radar,indirect,B,global,0.8,0.4599831578947368,0.06648199956325004,0.3769263157894736,0.5510105263157894,0.0457063147752588,0.0052148019997465475,5,0.4599831578947368,0.0457063147752588
Radar,indirect,B,global,0.9,0.45951999999999993,0.06140219238689202,0.3806736842105263,0.5394105263157895,0.0455621317082117,0.004713987707858718,5,0.45951999999999993,0.0455621317082117
Radar,indirect,B,global,1.0,0.41602526315789473,0.052720302900781384,0.3576842105263158,0.4806947368421053,0.042228865200826124,0.003308278758655542,5,0.41602526315789473,0.042228865200826124
Radar,indirect,B,local,0.0,0.45905263157894743,0.06973745938157794,0.3735157894736842,0.5542947368421053,0.04536974534027974,0.005425086802798528,5,0.45905263157894743,0.04536974534027974
Radar,indirect,B,local,0.1,0.46040631578947366,0.07110076950232477,0.3748,0.5616631578947369,0.0454907957134274,0.005668638564690207,5,0.46040631578947366,0.0454907957134274
Radar,indirect,B,local,0.2,0.46173684210526317,0.0717059446146189,0.3760631578947368,0.5661263157894737,0.0456614559841818,0.0057996734438156275,5,0.46173684210526317,0.0456614559841818
Radar,indirect,B,local,0.3,0.4614463157894737,0.07034696976504856,0.3766105263157895,0.5612736842105264,0.04564957029727926,0.00554592343776854,5,0.4614463157894737,0.04564957029727926
Radar,indirect,B,local,0.4,0.4598315789473684,0.06575604582338324,0.3782526315789473,0.5504842105263158,0.0455058217694129,0.005142707401876611,5,0.4598315789473684,0.0455058217694129
Radar,indirect,B,local,0.5,0.45892421052631577,0.06347482079806338,0.379578947368421,0.5458947368421052,0.0454387697638034,0.005024420157959111,5,0.45892421052631577,0.0454387697638034
Radar,indirect,B,local,0.6,0.46006947368421053,0.06356831019416691,0.3804421052631579,0.5434210526315789,0.0455546333235076,0.004963309941772748,5,0.46006947368421053,0.0455546333235076
Radar,indirect,B,local,0.7,0.46199789473684205,0.06610047770140977,0.3784631578947368,0.5447157894736842,0.0457610395638102,0.005132789700922997,5,0.46199789473684205,0.0457610395638102
Radar,indirect,B,local,0.8,0.46487368421052633,0.06868252468187157,0.3766736842105263,0.5488631578947368,0.04604425166612572,0.005405564425558725,5,0.46487368421052633,0.04604425166612572
Radar,indirect,B,local,0.9,0.4674231578947368,0.06655941981155612,0.3749473684210526,0.5519578947368421,0.04606874610582818,0.005295821812462411,5,0.4674231578947368,0.04606874610582818
Radar,indirect,B,local,1.0,0.4654863157894737,0.0666910100799558,0.3700421052631579,0.5533473684210527,0.04599092854883754,0.005218145161601455,5,0.4654863157894737,0.04599092854883754
Radar,indirect,C,none,0.0,0.4088336842105263,0.047400706190608786,0.3347578947368421,0.4431157894736842,0.04056162329211368,0.0020743820988890762,5,0.4088336842105263,0.04056162329211368
iForest,none,A,global,0.0,0.6230526315789474,0.08004123314123847,0.5084210526315789,0.7200421052631578,0.09688000765405111,0.030519289132680375,5,0.6230526315789474,0.09688000765405111
iForest,none,A,global,0.1,0.4099115789473684,0.08127911678583101,0.296421052631579,0.496778947368421,0.042975246890016625,0.0067671312750955705,5,0.4099115789473684,0.042975246890016625
iForest,none,A,global,0.2,0.20213473684210523,0.04815388904824732,0.1380210526315789,0.2692210526315789,0.029613118126407722,0.001513364466002463,5,0.20213473684210523,0.029613118126407722
iForest,none,A,global,0.3,0.05936421052631574,0.011683095252604934,0.0421473684210526,0.0696842105263157,0.02651866882238188,0.00018373390208411644,5,0.05936421052631574,0.02651866882238188
iForest,none,A,global,0.4,0.00943157894736836,0.002813383133122748,0.0067368421052631,0.0126105263157894,0.02598601925184222,2.7503743210444157e-05,5,0.00943157894736836,0.02598601925184222
iForest,none,A,global,0.5,0.00045052631578944,0.00028424950999697264,0.0002526315789473,0.0009473684210526,0.02592832481934158,5.999273390648527e-07,5,0.00045052631578944,0.02592832481934158
iForest,none,A,global,0.6,0.0,0.0,0.0,0.0,0.025927235583944296,0.0,5,0.0,0.025927235583944296
iForest,none,A,global,0.7,0.0,0.0,0.0,0.0,0.025927235583944296,0.0,5,0.0,0.025927235583944296
iForest,none,A,global,0.8,0.0,0.0,0.0,0.0,0.025927235583944296,0.0,5,0.0,0.025927235583944296
iForest,none,A,global,0.9,0.0,0.0,0.0,0.0,0.025927235583944296,0.0,5,0.0,0.025927235583944296
iForest,none,A,global,1.0,0.0,0.0,0.0,0.0,0.05,0.0,5,0.0,0.05
iForest,none,A,local,0.0,0.6230526315789474,0.08004123314123847,0.5084210526315789,0.7200421052631578,0.09688000765405111,0.030519289132680375,5,0.6230526315789474,0.09688000765405111
iForest,none,A,local,0.1,0.4128842105263158,0.08307018959224764,0.2994105263157894,0.5158315789473684,0.04298341113599,0.006634077451207788,5,0.4128842105263158,0.04298341113599
iForest,none,A,local,0.2,0.2085978947368421,0.04736912888360029,0.1565263157894737,0.2710105263157895,0.029811004986987,0.0015106041849902569,5,0.2085978947368421,0.029811004986987
iForest,none,A,local,0.3,0.07781052631578944,0.015078035243837475,0.0603368421052631,0.0970736842105263,0.02676865851825826,0.0002583477815305062,5,0.07781052631578944,0.02676865851825826
iForest,none,A,local,0.4,0.015583157894736799,0.007726264161594327,0.0096631578947368,0.0278736842105263,0.026035555992090918,6.545835157694565e-05,5,0.015583157894736799,0.026035555992090918
iForest,none,A,local,0.5,0.00191578947368416,0.0008890843121590872,0.0007157894736842,0.0029263157894736,0.02593570681950936,5.600382516417468e-06,5,0.00191578947368416,0.02593570681950936
iForest,none,A,local,0.6,0.00015578947368416002,6.0652043330039475e-05,0.0001052631578947,0.0002526315789473,0.025927496867709277,9.79202896006631e-08,5,0.00015578947368416002,0.025927496867709277
iForest,none,A,local,0.7,0.0,0.0,0.0,0.0,0.025927235583944296,0.0,5,0.0,0.025927235583944296
iForest,none,A,local,0.8,0.0,0.0,0.0,0.0,0.025927235583944296,0.0,5,0.0,0.025927235583944296
iForest,none,A,local,0.9,0.0,0.0,0.0,0.0,0.025927235583944296,0.0,5,0.0,0.025927235583944296
iForest,none,A,local,1.0,0.0,0.0,0.0,0.0,0.03388091911826062,0.0001747100913623924,5,0.0,0.03388091911826062
iForest,none,B,global,0.0,0.6230526315789474,0.08004123314123847,0.5084210526315789,0.7200421052631578,0.09688000765405111,0.030519289132680375,5,0.6230526315789474,0.09688000765405111
iForest,none,B,global,0.1,0.4099115789473684,0.08127911678583101,0.296421052631579,0.496778947368421,0.042975246890016625,0.0067671312750955705,5,0.4099115789473684,0.042975246890016625
iForest,none,B,global,0.2,0.20213473684210523,0.04815388904824732,0.1380210526315789,0.2692210526315789,0.029613118126407722,0.001513364466002463,5,0.20213473684210523,0.029613118126407722
iForest,none,B,global,0.3,0.05936421052631574,0.011683095252604934,0.0421473684210526,0.0696842105263157,0.02651866882238188,0.00018373390208411644,5,0.05936421052631574,0.02651866882238188
iForest,none,B,global,0.4,0.00943157894736836,0.002813383133122748,0.0067368421052631,0.0126105263157894,0.02598601925184222,2.7503743210444157e-05,5,0.00943157894736836,0.02598601925184222
iForest,none,B,global,0.5,0.00045052631578944,0.00028424950999697264,0.0002526315789473,0.0009473684210526,0.02592832481934158,5.999273390648527e-07,5,0.00045052631578944,0.02592832481934158
iForest,none,B,global,0.6,0.0,0.0,0.0,0.0,0.025927235583944296,0.0,5,0.0,0.025927235583944296
iForest,none,B,global,0.7,0.0,0.0,0.0,0.0,0.025927235583944296,0.0,5,0.0,0.025927235583944296
iForest,none,B,global,0.8,0.0,0.0,0.0,0.0,0.025927235583944296,0.0,5,0.0,0.025927235583944296
iForest,none,B,global,0.9,0.0,0.0,0.0,0.0,0.025927235583944296,0.0,5,0.0,0.025927235583944296
iForest,none,B,global,1.0,0.0,0.0,0.0,0.0,0.05,0.0,5,0.0,0.05
iForest,none,B,local,0.0,0.6230526315789474,0.08004123314123847,0.5084210526315789,0.7200421052631578,0.09688000765405111,0.030519289132680375,5,0.6230526315789474,0.09688000765405111
iForest,none,B,local,0.1,0.4128842105263158,0.08307018959224764,0.2994105263157894,0.5158315789473684,0.04298341113599,0.006634077451207788,5,0.4128842105263158,0.04298341113599
iForest,none,B,local,0.2,0.2085978947368421,0.04736912888360029,0.1565263157894737,0.2710105263157895,0.029811004986987,0.0015106041849902569,5,0.2085978947368421,0.029811004986987
iForest,none,B,local,0.3,0.07781052631578944,0.015078035243837475,0.0603368421052631,0.0970736842105263,0.02676865851825826,0.0002583477815305062,5,0.07781052631578944,0.02676865851825826
iForest,none,B,local,0.4,0.015583157894736799,0.007726264161594327,0.0096631578947368,0.0278736842105263,0.026035555992090918,6.545835157694565e-05,5,0.015583157894736799,0.026035555992090918
iForest,none,B,local,0.5,0.00191578947368416,0.0008890843121590872,0.0007157894736842,0.0029263157894736,0.02593570681950936,5.600382516417468e-06,5,0.00191578947368416,0.02593570681950936
iForest,none,B,local,0.6,0.00015578947368416002,6.0652043330039475e-05,0.0001052631578947,0.0002526315789473,0.025927496867709277,9.79202896006631e-08,5,0.00015578947368416002,0.025927496867709277
iForest,none,B,local,0.7,0.0,0.0,0.0,0.0,0.025927235583944296,0.0,5,0.0,0.025927235583944296
iForest,none,B,local,0.8,0.0,0.0,0.0,0.0,0.025927235583944296,0.0,5,0.0,0.025927235583944296
iForest,none,B,local,0.9,0.0,0.0,0.0,0.0,0.025927235583944296,0.0,5,0.0,0.025927235583944296
iForest,none,B,local,1.0,0.0,0.0,0.0,0.0,0.03388091911826062,0.0001747100913623924,5,0.0,0.03388091911826062
iForest,none,C,none,0.0,0.4585473684210526,0.024341517489347493,0.4289894736842105,0.4798526315789473,0.04684508309050902,0.0012981096189425717,5,0.4585473684210526,0.04684508309050902
