detector,camouflage,gamma,n_seeds,full,full_std,no_edges,no_edges_std,rand_feats,rand_feats_std,reliance,reliance_std,attr_share
AnomalyDAE,global,0.0,5,0.9859705263157895,0.017655305951890174,0.5285810526315788,0.10323396507790623,0.4824378947368421,0.032356290067392005,0.4573894736842107,0.10473280944365625,1.0
AnomalyDAE,global,0.1,5,0.9097684210526316,0.09060388109070197,0.3277515789473684,0.15115031310703453,0.48389052631578944,0.03316021846494168,0.5820168421052632,0.17622565199497103,1.0
AnomalyDAE,global,0.2,5,0.8949894736842104,0.06060176898764702,0.2838905263157895,0.10903646943839491,0.4811621052631579,0.03272963332374692,0.611098947368421,0.1247458459108846,1.0
AnomalyDAE,global,0.3,5,0.7856463157894737,0.07094422982281469,0.15697684210526316,0.06206874680255668,0.4793557894736842,0.0376795898372674,0.6286694736842106,0.09426352992961932,1.0
AnomalyDAE,global,0.4,5,0.6410863157894736,0.08150648272230733,0.0576,0.02098495965819224,0.48258526315789474,0.031346814883239676,0.5834863157894736,0.08416457246144449,1.0
AnomalyDAE,global,0.5,5,0.4494863157894737,0.07582482012019799,0.029873684210526323,0.02264801850896169,0.481258947368421,0.03307881095311651,0.41961263157894735,0.07913492331861234,-0.6289905809785772
AnomalyDAE,global,0.6,5,0.3032378947368421,0.0681413934912195,0.003755789473684215,0.005951337287741753,0.47089263157894734,0.0329993758020375,0.2994821052631579,0.0684007889021587,-0.8520682202392414
AnomalyDAE,global,0.7,5,0.18514526315789473,0.04319278846137687,0.00010947368421052683,0.00013594849929231896,0.4788842105263158,0.028186604154094436,0.1850357894736842,0.043193002408535006,-0.9329348204017225
AnomalyDAE,global,0.8,5,0.12512842105263158,0.0591603531985883,0.000993684210526316,0.0013672383553066404,0.4856084210526316,0.029265670471459327,0.12413473684210527,0.05917615002094964,-0.9616093090124899
AnomalyDAE,global,0.9,5,0.09042947368421053,0.045528839844847006,0.0,0.0,0.4878863157894737,0.03306137866155571,0.09042947368421053,0.045528839844847006,-0.9704234474108953
AnomalyDAE,global,1.0,5,0.10085473684210526,0.07368043689585067,0.0,0.0,0.4799136842105264,0.032101156251558634,0.10085473684210526,0.07368043689585067,-0.9496766775319896
AnomalyDAE,local,0.0,5,0.9460715789473685,0.10654251343466176,0.4692884210526316,0.2349064732377017,0.4830821052631579,0.038620714376450496,0.4767831578947369,0.2579386716604359,1.0
AnomalyDAE,local,0.1,5,0.9374357894736842,0.04036889837088291,0.41033684210526317,0.19715439511323443,0.48044631578947367,0.03582067803754212,0.5270989473684211,0.20124488432788554,1.0
AnomalyDAE,local,0.2,5,0.8348294736842105,0.06757683157861867,0.2541473684210526,0.049604414065049125,0.48251789473684215,0.03329738944788795,0.5806821052631579,0.08382855158561335,1.0
AnomalyDAE,local,0.3,5,0.5750863157894737,0.07927474382368098,0.15098105263157896,0.04754635026816164,0.4791578947368421,0.028447508154873728,0.4241052631578947,0.09243992877611364,1.0
AnomalyDAE,local,0.4,5,0.2874021052631579,0.067166184276385,0.18522526315789473,0.089687972987547,0.4801347368421053,0.031213991464692482,0.10217684210526318,0.11205011739781563,-0.9065594549631626
AnomalyDAE,local,0.5,5,0.2206357894736842,0.13970246689882657,0.06641684210526316,0.09773151463529349,0.4761473684210526,0.028293992784703115,0.15421894736842104,0.17049407089551916,-0.91461815551101
AnomalyDAE,local,0.6,5,0.005903157894736847,0.004294494317197685,0.07940631578947369,0.10200070761798978,0.48371789473684207,0.0337451212437625,-0.07350315789473684,0.10209107226398928,-0.9670467327947642
AnomalyDAE,local,0.7,5,0.0002736842105263171,0.0003566541967599462,0.04717473684210526,0.10333313943924857,0.4773852631578947,0.029394142292436972,-0.04690105263157895,0.10333375493316428,-0.9547457555714707
AnomalyDAE,local,0.8,5,0.046227368421052635,0.1033557698335934,0.03760842105263157,0.08409498600011839,0.4797894736842105,0.03157291872278996,0.008618947368421066,0.13324556963837425,-0.9554611166269218
AnomalyDAE,local,0.9,5,0.0791621052631579,0.10856678647106463,0.17887999999999998,0.11268593317103089,0.48634947368421055,0.029809495224511415,-0.09971789473684209,0.1564764092739854,-0.9675634573632553
AnomalyDAE,local,1.0,5,0.035014736842105265,0.0495875026700542,0.11850105263157898,0.10860831493040558,0.4854821052631578,0.01947687370750964,-0.08348631578947371,0.11939299180887793,-0.9687777314957349
CoLA,global,0.0,5,0.7082147368421052,0.04831478132189803,0.4204126315789473,0.04190270381798313,0.49484210526315786,0.043682782475072984,0.2878021052631579,0.06395431714466542,1.0
CoLA,global,0.1,5,0.7129136842105263,0.025333584291899726,0.4562273684210526,0.055556954181225034,0.4611705263157894,0.05203862533076551,0.25668631578947365,0.06106034434041071,1.0
CoLA,global,0.2,5,0.7051284210526315,0.060989692785246775,0.5141936842105264,0.06354968549344513,0.49324210526315787,0.028049750024809406,0.19093473684210516,0.08808124177345919,1.0
CoLA,global,0.3,5,0.7575284210526316,0.034526256739358975,0.5794063157894737,0.05377477273615835,0.49217684210526313,0.027498212885774177,0.17812210526315797,0.06390452712646899,1.0
CoLA,global,0.4,5,0.7320673684210527,0.04667432850966635,0.6768926315789473,0.049775670947587954,0.4871578947368421,0.04014490650139246,0.05517473684210539,0.06823569711016958,1.0
CoLA,global,0.5,5,0.7541347368421052,0.019229136479589813,0.7874526315789474,0.028182495893590474,0.4910189473684211,0.03572237239037566,-0.03331789473684221,0.0341176312856408,1.0
CoLA,global,0.6,5,0.7856631578947368,0.012244218489825874,0.8873599999999999,0.023167598923695083,0.4830105263157895,0.05429072453083588,-0.10169684210526309,0.026204170017685952,1.0
CoLA,global,0.7,5,0.7741810526315789,0.03113472324736083,0.9551663157894736,0.014092795747003475,0.4907831578947368,0.02993678066467899,-0.18098526315789476,0.03417569141446168,1.0
CoLA,global,0.8,5,0.781861052631579,0.01602282720651232,0.9779242105263158,0.004019911659563251,0.49751157894736836,0.017793692430316678,-0.19606315789473683,0.016519403180516055,1.0
CoLA,global,0.9,5,0.8002147368421053,0.014629438692386481,0.9865431578947369,0.0014378654539670957,0.5105094736842105,0.029245698691718072,-0.1863284210526316,0.014699929711328783,0.9649934783523373
CoLA,global,1.0,5,0.8045347368421053,0.011226804095284896,0.9882694736842105,0.0032029556986877344,0.49350315789473687,0.03585412303353906,-0.18373473684210517,0.011674761470867915,1.0
CoLA,local,0.0,5,0.6893305263157895,0.023894121948962913,0.3746442105263158,0.03763233595116405,0.5098652631578948,0.024801204510111162,0.3146863157894737,0.04457714406344562,0.9478939643286034
CoLA,local,0.1,5,0.7052547368421053,0.0391880998387912,0.4163915789473684,0.06278132227496326,0.4862947368421053,0.024433218385321614,0.2888631578947369,0.07400811844364012,1.0
CoLA,local,0.2,5,0.6948421052631579,0.04504622925487884,0.5436505263157895,0.04224767127939549,0.5052126315789474,0.025682849834534904,0.15119157894736845,0.06175782135580044,0.9732468935710428
CoLA,local,0.3,5,0.6856926315789474,0.05912677885560256,0.5800757894736842,0.0543138343181362,0.4652378947368421,0.049326103285927216,0.10561684210526323,0.08028678954957211,1.0
CoLA,local,0.4,5,0.6944147368421053,0.02623732048341799,0.6305389473684211,0.05386825130459458,0.4887789473684211,0.021210696094396873,0.06387578947368422,0.059918156553456656,1.0
CoLA,local,0.5,5,0.6333305263157895,0.01217896465449349,0.7892210526315789,0.07447572175007036,0.4632547368421053,0.021106948876110112,-0.15589052631578948,0.07546496081128848,1.0
CoLA,local,0.6,5,0.631538947368421,0.059661081752682595,0.8479831578947368,0.02944571755872958,0.48125473684210524,0.023733649452696657,-0.2164442105263158,0.06653190932514076,1.0
CoLA,local,0.7,5,0.6278357894736841,0.04906031880131259,0.9151094736842106,0.009653141236616819,0.5118947368421052,0.033286157937636895,-0.28727368421052646,0.05000098015659791,0.9069529989130799
CoLA,local,0.8,5,0.5453557894736842,0.033445392214590884,0.9319578947368422,0.017088208501949392,0.4917747368421052,0.03773604609011436,-0.38660210526315797,0.03755797026190196,1.0
CoLA,local,0.9,5,0.5236042105263158,0.07578324740506717,0.9244168421052631,0.021700634556763663,0.47928,0.038314711957087334,-0.4008126315789473,0.0788290436794956,1.0
CoLA,local,1.0,5,0.5091136842105263,0.02843162025757434,0.8839915789473685,0.04390215979139328,0.4752042105263158,0.028797946987459376,-0.3748778947368422,0.0523044612324794,1.0
DOMINANT,global,0.0,5,0.9778947368421053,0.02149114357305265,0.7172715789473684,0.03460721139202651,0.4909178947368421,0.03115250522377697,0.2606231578947369,0.040737308850855275,1.0
DOMINANT,global,0.1,5,0.9386821052631579,0.03800257055017532,0.4816715789473685,0.08718014412173147,0.4908968421052632,0.03145317620891108,0.45701052631578937,0.09510295945714267,1.0
DOMINANT,global,0.2,5,0.8790568421052631,0.040278846341521214,0.32533894736842106,0.06754352998780339,0.4909094736842105,0.03070895418336503,0.5537178947368421,0.07864168046155405,1.0
DOMINANT,global,0.3,5,0.7964210526315789,0.04547791403329689,0.14879578947368421,0.010087598595769106,0.4909978947368421,0.030908947148850206,0.6476252631578947,0.04658326212545988,1.0
DOMINANT,global,0.4,5,0.6207284210526316,0.07942838946265737,0.04619368421052632,0.021558570096329156,0.49125052631578947,0.029867087287633046,0.5745347368421053,0.08230213239782988,1.0
DOMINANT,global,0.5,5,0.5207536842105263,0.0791274401102004,0.008694736842105269,0.002860912432179341,0.49077473684210526,0.03076403771647178,0.512058947368421,0.07917914244507798,1.0
DOMINANT,global,0.6,5,0.4092042105263157,0.07799279517829186,0.000926315789473688,0.0012215062678213658,0.490978947368421,0.030709602205011184,0.40827789473684206,0.07800236007509845,-0.900644592839918
DOMINANT,global,0.7,5,0.17576,0.03494559792598251,0.0,0.0,0.4908,0.03049232953817761,0.17576,0.03494559792598251,-0.9716259560819147
DOMINANT,global,0.8,5,0.13146526315789475,0.10359167829335689,0.0,0.0,0.4909936842105263,0.030803206653954144,0.13146526315789475,0.10359167829335689,-0.9755618266363522
DOMINANT,global,0.9,5,0.12518736842105263,0.07380350883865554,0.0,0.0,0.4911747368421052,0.031179133586280685,0.12518736842105263,0.07380350883865554,-0.9764542002741018
DOMINANT,global,1.0,5,0.1264842105263158,0.06365364207635324,0.0,0.0,0.4910063157894736,0.030974575938511852,0.1264842105263158,0.06365364207635324,-0.9759215421034831
DOMINANT,local,0.0,5,0.978981052631579,0.013575712384954322,0.6727621052631578,0.06992830582588618,0.4920505263157895,0.029198158026371542,0.30621894736842115,0.07123389588136865,1.0
DOMINANT,local,0.1,5,0.9303031578947369,0.01632413097465109,0.4972673684210527,0.10336383246327431,0.49129894736842095,0.03153386922956423,0.43303578947368426,0.10464491919617216,1.0
DOMINANT,local,0.2,5,0.8323705263157896,0.035801492099703014,0.32122526315789474,0.08001716491753778,0.49071578947368427,0.03078831666741946,0.5111452631578948,0.087661242964069,1.0
DOMINANT,local,0.3,5,0.6311031578947368,0.0476928645568694,0.18160842105263159,0.03142134214800941,0.49066526315789466,0.030754877909617145,0.4494947368421052,0.05711313397128687,1.0
DOMINANT,local,0.4,5,0.3363621052631579,0.07411820969444854,0.053204210526315784,0.020212337638130424,0.4906736842105263,0.0312069919006992,0.2831578947368421,0.07682478507036665,-0.9430063812268423
DOMINANT,local,0.5,5,0.10970526315789472,0.033176592890010174,0.016277894736842113,0.005417431595964354,0.4911957894736842,0.03061540321680289,0.0934273684210526,0.033615991445834624,-0.9774421489832247
DOMINANT,local,0.6,5,0.02559578947368422,0.016123631767844416,0.0016800000000000044,0.002147853402406031,0.49131789473684206,0.03018612107934993,0.023915789473684217,0.016266062081009922,-0.9816989287394271
DOMINANT,local,0.7,5,0.0022442105263157956,0.0026950082100204394,8.000000000000051e-05,9.34414358786195e-05,0.4911031578947368,0.03037629780180665,0.002164210526315795,0.0026966276261316895,-0.982126090156238
DOMINANT,local,0.8,5,0.0001768421052631597,0.00022408941626501425,0.0,0.0,0.49117894736842105,0.031671149607355946,0.0001768421052631597,0.00022408941626501425,-0.9823516527950938
DOMINANT,local,0.9,5,8.421052631579328e-06,1.883004612631487e-05,0.0,0.0,0.49079578947368424,0.03153628837965154,8.421052631579328e-06,1.883004612631487e-05,-0.9815912689055817
DOMINANT,local,1.0,5,0.0,0.0,0.0,0.0,0.49099368421052636,0.03179239582247563,0.0,0.0,-0.9819873684210527
DONE,global,0.0,5,0.6857894736842105,0.019565320668294355,0.5987368421052632,0.04479404639902252,0.4857431578947368,0.02924379291102157,0.08705263157894727,0.04888055201868089,1.0
DONE,global,0.1,5,0.5374905263157894,0.04317769609929658,0.441941052631579,0.037783962066909885,0.4902947368421053,0.03324770793757808,0.0955494736842104,0.05737544099975961,1.0
DONE,global,0.2,5,0.3842568421052631,0.037808150786939776,0.2847031578947369,0.04222471896847578,0.48767157894736834,0.02436683455106099,0.09955368421052624,0.05667788949753451,-0.8934846665939097
DONE,global,0.3,5,0.2222273684210526,0.03192177210973785,0.18433263157894736,0.0278183757200314,0.5153052631578948,0.03182136079381406,0.03789473684210523,0.042342196002650476,-1.0
DONE,global,0.4,5,0.13818105263157895,0.03862609626948329,0.11013894736842107,0.03982180696866113,0.49392,0.032880286173276624,0.028042105263157882,0.055477487535654485,-0.9831960154540801
DONE,global,0.5,5,0.056762105263157905,0.020516437029017755,0.10226105263157896,0.03854424834307201,0.5055915789473684,0.025999836351498665,-0.045498947368421055,0.04366443940666203,-1.0
DONE,global,0.6,5,0.05129263157894737,0.01891656326215123,0.07434947368421052,0.03350538584894116,0.5009347368421053,0.02495977750451297,-0.023056842105263153,0.03847658049433962,-1.0
DONE,global,0.7,5,0.04409263157894737,0.011504936673751662,0.0538821052631579,0.02601002406382112,0.5077936842105263,0.038102719891864624,-0.009789473684210528,0.028440902230196387,-1.0
DONE,global,0.8,5,0.07507789473684212,0.05854883966432452,0.056206315789473694,0.010544924603952703,0.4822652631578947,0.025923473998581373,0.018871578947368427,0.05949085695249167,-0.9582635579028725
DONE,global,0.9,5,0.041191578947368426,0.029357211971453318,0.06014315789473686,0.03638204299694534,0.4901178947368421,0.03031311976548928,-0.01895157894736843,0.046749320287769125,-0.9784613690383327
DONE,global,1.0,5,0.054366315789473686,0.059207071899232494,0.03698105263157895,0.02780355544333959,0.5045094736842104,0.027123382395567434,0.017385263157894737,0.06541035895155863,-1.0
DONE,local,0.0,5,0.648661052631579,0.019303154335833787,0.5962652631578947,0.025974112831743154,0.4960463157894737,0.04804820617196327,0.052395789473684284,0.032361494166820284,1.0
DONE,local,0.1,5,0.5438273684210526,0.03506287632808944,0.4521936842105263,0.06303348342937265,0.5017684210526315,0.015145389578507525,0.09163368421052631,0.07212922659809885,0.9596503026227314
DONE,local,0.2,5,0.3636168421052631,0.033170054244980665,0.31298947368421054,0.0632331884526129,0.5061894736842104,0.04881283832759132,0.05062736842105259,0.07140510220214391,-1.0
DONE,local,0.3,5,0.22594526315789473,0.04037676466303039,0.21640842105263158,0.015961689591833278,0.49785263157894744,0.027535542380400405,0.009536842105263149,0.04341726222690438,-0.9921644542772864
DONE,local,0.4,5,0.1170063157894737,0.036607322277398685,0.13743157894736843,0.06340809214591216,0.49322947368421055,0.0521382152050158,-0.020425263157894738,0.07321667975199242,-0.982322094084278
DONE,local,0.5,5,0.11022736842105263,0.034693115700500446,0.07021894736842105,0.026605960634305956,0.516341052631579,0.022573322327172542,0.04000842105263158,0.043720583462284086,-1.0
DONE,local,0.6,5,0.055385263157894736,0.029558244862223807,0.07981473684210527,0.04909637624779267,0.5063031578947369,0.027108607254110628,-0.024429473684210536,0.057307451522467835,-1.0
DONE,local,0.7,5,0.05069473684210527,0.03434947974864787,0.061275789473684214,0.034148246468041446,0.49553684210526316,0.019764833484228413,-0.010581052631578942,0.04843541571871635,-0.9900665354699654
DONE,local,0.8,5,0.045423157894736846,0.02096475660222607,0.0736,0.03787479007191578,0.5160168421052631,0.052678016145651846,-0.028176842105263153,0.043289961219459085,-1.0
DONE,local,0.9,5,0.035633684210526324,0.029595262778819322,0.03748631578947369,0.02633047842677428,0.4952210526315789,0.03190093043910924,-0.0018526315789473627,0.039612796835494894,-0.9897086691994522
DONE,local,1.0,5,0.03172631578947369,0.034428996347173474,0.047141052631578945,0.014935795371506043,0.5035326315789475,0.03791531429609605,-0.015414736842105252,0.03752910567617067,-1.0
