detector,camouflage,gamma,seed,n_seeds,condition,auc
AnomalyDAE,global,0.0,0,5,full,0.9902315789473685
AnomalyDAE,global,0.0,0,5,no_edges,0.4971157894736842
AnomalyDAE,global,0.0,0,5,rand_feats,0.45823157894736843
AnomalyDAE,global,0.0,1,5,full,0.9925894736842106
AnomalyDAE,global,0.0,1,5,no_edges,0.623957894736842
AnomalyDAE,global,0.0,1,5,rand_feats,0.5117684210526317
AnomalyDAE,global,0.0,2,5,full,0.9956842105263157
AnomalyDAE,global,0.0,2,5,no_edges,0.39635789473684213
AnomalyDAE,global,0.0,2,5,rand_feats,0.5199578947368422
AnomalyDAE,global,0.0,3,5,full,0.9966315789473684
AnomalyDAE,global,0.0,3,5,no_edges,0.4829684210526316
AnomalyDAE,global,0.0,3,5,rand_feats,0.4465473684210526
AnomalyDAE,global,0.0,4,5,full,0.9547157894736842
AnomalyDAE,global,0.0,4,5,no_edges,0.6425052631578947
AnomalyDAE,global,0.0,4,5,rand_feats,0.4756842105263158
AnomalyDAE,global,0.1,0,5,full,0.9558105263157894
AnomalyDAE,global,0.1,0,5,no_edges,0.4752421052631579
AnomalyDAE,global,0.1,0,5,rand_feats,0.45816842105263156
AnomalyDAE,global,0.1,1,5,full,0.9780421052631579
AnomalyDAE,global,0.1,1,5,no_edges,0.4424631578947368
AnomalyDAE,global,0.1,1,5,rand_feats,0.5056631578947368
AnomalyDAE,global,0.1,2,5,full,0.7592
AnomalyDAE,global,0.1,2,5,no_edges,0.13469473684210526
AnomalyDAE,global,0.1,2,5,rand_feats,0.5256
AnomalyDAE,global,0.1,3,5,full,0.9648210526315789
AnomalyDAE,global,0.1,3,5,no_edges,0.20149473684210525
AnomalyDAE,global,0.1,3,5,rand_feats,0.44488421052631577
AnomalyDAE,global,0.1,4,5,full,0.8909684210526315
AnomalyDAE,global,0.1,4,5,no_edges,0.38486315789473685
AnomalyDAE,global,0.1,4,5,rand_feats,0.48513684210526314
AnomalyDAE,global,0.2,0,5,full,0.8996210526315789
AnomalyDAE,global,0.2,0,5,no_edges,0.24248421052631577
AnomalyDAE,global,0.2,0,5,rand_feats,0.46482105263157897
AnomalyDAE,global,0.2,1,5,full,0.9301052631578948
AnomalyDAE,global,0.2,1,5,no_edges,0.3589052631578947
AnomalyDAE,global,0.2,1,5,rand_feats,0.5185894736842105
AnomalyDAE,global,0.2,2,5,full,0.9082526315789473
AnomalyDAE,global,0.2,2,5,no_edges,0.4239578947368421
AnomalyDAE,global,0.2,2,5,rand_feats,0.5077052631578948
AnomalyDAE,global,0.2,3,5,full,0.9454736842105264
AnomalyDAE,global,0.2,3,5,no_edges,0.14454736842105265
AnomalyDAE,global,0.2,3,5,rand_feats,0.43762105263157897
AnomalyDAE,global,0.2,4,5,full,0.7914947368421053
AnomalyDAE,global,0.2,4,5,no_edges,0.2495578947368421
AnomalyDAE,global,0.2,4,5,rand_feats,0.4770736842105263
AnomalyDAE,global,0.3,0,5,full,0.7864631578947368
AnomalyDAE,global,0.3,0,5,no_edges,0.2289684210526316
AnomalyDAE,global,0.3,0,5,rand_feats,0.4547157894736842
AnomalyDAE,global,0.3,1,5,full,0.8029894736842105
AnomalyDAE,global,0.3,1,5,no_edges,0.17920000000000003
AnomalyDAE,global,0.3,1,5,rand_feats,0.5071157894736842
AnomalyDAE,global,0.3,2,5,full,0.819621052631579
AnomalyDAE,global,0.3,2,5,no_edges,0.19227368421052632
AnomalyDAE,global,0.3,2,5,rand_feats,0.5290105263157894
AnomalyDAE,global,0.3,3,5,full,0.8526315789473684
AnomalyDAE,global,0.3,3,5,no_edges,0.08511578947368421
AnomalyDAE,global,0.3,3,5,rand_feats,0.43808421052631585
AnomalyDAE,global,0.3,4,5,full,0.6665263157894737
AnomalyDAE,global,0.3,4,5,no_edges,0.09932631578947368
AnomalyDAE,global,0.3,4,5,rand_feats,0.46785263157894746
AnomalyDAE,global,0.4,0,5,full,0.6172
AnomalyDAE,global,0.4,0,5,no_edges,0.09418947368421053
AnomalyDAE,global,0.4,0,5,rand_feats,0.4664421052631579
AnomalyDAE,global,0.4,1,5,full,0.6616210526315789
AnomalyDAE,global,0.4,1,5,no_edges,0.05408421052631578
AnomalyDAE,global,0.4,1,5,rand_feats,0.5156631578947367
AnomalyDAE,global,0.4,2,5,full,0.6889263157894737
AnomalyDAE,global,0.4,2,5,no_edges,0.05063157894736842
AnomalyDAE,global,0.4,2,5,rand_feats,0.5138315789473684
AnomalyDAE,global,0.4,3,5,full,0.724442105263158
AnomalyDAE,global,0.4,3,5,no_edges,0.04130526315789475
AnomalyDAE,global,0.4,3,5,rand_feats,0.44368421052631585
AnomalyDAE,global,0.4,4,5,full,0.5132421052631578
AnomalyDAE,global,0.4,4,5,no_edges,0.047789473684210514
AnomalyDAE,global,0.4,4,5,rand_feats,0.4733052631578948
AnomalyDAE,global,0.5,0,5,full,0.3886105263157895
AnomalyDAE,global,0.5,0,5,no_edges,0.06871578947368422
AnomalyDAE,global,0.5,0,5,rand_feats,0.46416842105263156
AnomalyDAE,global,0.5,1,5,full,0.4186736842105263
AnomalyDAE,global,0.5,1,5,no_edges,0.023957894736842116
AnomalyDAE,global,0.5,1,5,rand_feats,0.5205894736842105
AnomalyDAE,global,0.5,2,5,full,0.48614736842105266
AnomalyDAE,global,0.5,2,5,no_edges,0.009915789473684218
AnomalyDAE,global,0.5,2,5,rand_feats,0.5113052631578947
AnomalyDAE,global,0.5,3,5,full,0.5649894736842105
AnomalyDAE,global,0.5,3,5,no_edges,0.026968421052631586
AnomalyDAE,global,0.5,3,5,rand_feats,0.4435368421052632
AnomalyDAE,global,0.5,4,5,full,0.38901052631578953
AnomalyDAE,global,0.5,4,5,no_edges,0.01981052631578948
AnomalyDAE,global,0.5,4,5,rand_feats,0.4666947368421053
AnomalyDAE,global,0.6,0,5,full,0.23452631578947367
AnomalyDAE,global,0.6,0,5,no_edges,0.0030105263157894965
AnomalyDAE,global,0.6,0,5,rand_feats,0.4534736842105263
AnomalyDAE,global,0.6,1,5,full,0.2999368421052631
AnomalyDAE,global,0.6,1,5,no_edges,6.315789473684274e-05
AnomalyDAE,global,0.6,1,5,rand_feats,0.5111368421052631
AnomalyDAE,global,0.6,2,5,full,0.359221052631579
AnomalyDAE,global,0.6,2,5,no_edges,0.0009473684210526323
AnomalyDAE,global,0.6,2,5,rand_feats,0.49517894736842105
AnomalyDAE,global,0.6,3,5,full,0.3839789473684211
AnomalyDAE,global,0.6,3,5,no_edges,0.014210526315789476
AnomalyDAE,global,0.6,3,5,rand_feats,0.42818947368421056
AnomalyDAE,global,0.6,4,5,full,0.23852631578947364
AnomalyDAE,global,0.6,4,5,no_edges,0.0005473684210526297
AnomalyDAE,global,0.6,4,5,rand_feats,0.4664842105263158
AnomalyDAE,global,0.7,0,5,full,0.12593684210526315
AnomalyDAE,global,0.7,0,5,no_edges,0.00033684210526315763
AnomalyDAE,global,0.7,0,5,rand_feats,0.45793684210526314
AnomalyDAE,global,0.7,1,5,full,0.17726315789473684
AnomalyDAE,global,0.7,1,5,no_edges,0.0
AnomalyDAE,global,0.7,1,5,rand_feats,0.5029052631578947
AnomalyDAE,global,0.7,2,5,full,0.2075578947368421
AnomalyDAE,global,0.7,2,5,no_edges,6.315789473684496e-05
AnomalyDAE,global,0.7,2,5,rand_feats,0.5136000000000001
AnomalyDAE,global,0.7,3,5,full,0.24208421052631576
AnomalyDAE,global,0.7,3,5,no_edges,2.105263157894832e-05
AnomalyDAE,global,0.7,3,5,rand_feats,0.44896842105263157
AnomalyDAE,global,0.7,4,5,full,0.17288421052631578
AnomalyDAE,global,0.7,4,5,no_edges,0.00012631578947368329
AnomalyDAE,global,0.7,4,5,rand_feats,0.47101052631578944
AnomalyDAE,global,0.8,0,5,full,0.08174736842105264
AnomalyDAE,global,0.8,0,5,no_edges,0.002294736842105265
AnomalyDAE,global,0.8,0,5,rand_feats,0.46642105263157896
AnomalyDAE,global,0.8,1,5,full,0.09317894736842106
AnomalyDAE,global,0.8,1,5,no_edges,0.0
AnomalyDAE,global,0.8,1,5,rand_feats,0.5109263157894738
AnomalyDAE,global,0.8,2,5,full,0.15627368421052631
AnomalyDAE,global,0.8,2,5,no_edges,0.002673684210526315
AnomalyDAE,global,0.8,2,5,rand_feats,0.5221684210526316
AnomalyDAE,global,0.8,3,5,full,0.21486315789473684
AnomalyDAE,global,0.8,3,5,no_edges,0.0
AnomalyDAE,global,0.8,3,5,rand_feats,0.4550736842105263
AnomalyDAE,global,0.8,4,5,full,0.07957894736842105
AnomalyDAE,global,0.8,4,5,no_edges,0.0
AnomalyDAE,global,0.8,4,5,rand_feats,0.47345263157894735
AnomalyDAE,global,0.9,0,5,full,0.03103157894736844
AnomalyDAE,global,0.9,0,5,no_edges,0.0
AnomalyDAE,global,0.9,0,5,rand_feats,0.46229473684210526
AnomalyDAE,global,0.9,1,5,full,0.06084210526315789
AnomalyDAE,global,0.9,1,5,no_edges,0.0
AnomalyDAE,global,0.9,1,5,rand_feats,0.5201052631578947
AnomalyDAE,global,0.9,2,5,full,0.09136842105263157
AnomalyDAE,global,0.9,2,5,no_edges,0.0
AnomalyDAE,global,0.9,2,5,rand_feats,0.5230947368421053
AnomalyDAE,global,0.9,3,5,full,0.13210526315789473
AnomalyDAE,global,0.9,3,5,no_edges,0.0
AnomalyDAE,global,0.9,3,5,rand_feats,0.45016842105263155
AnomalyDAE,global,0.9,4,5,full,0.1368
AnomalyDAE,global,0.9,4,5,no_edges,0.0
AnomalyDAE,global,0.9,4,5,rand_feats,0.4837684210526316
AnomalyDAE,global,1.0,0,5,full,0.22865263157894736
AnomalyDAE,global,1.0,0,5,no_edges,0.0
AnomalyDAE,global,1.0,0,5,rand_feats,0.45216842105263155
AnomalyDAE,global,1.0,1,5,full,0.044926315789473696
AnomalyDAE,global,1.0,1,5,no_edges,0.0
AnomalyDAE,global,1.0,1,5,rand_feats,0.5037789473684211
AnomalyDAE,global,1.0,2,5,full,0.0636421052631579
AnomalyDAE,global,1.0,2,5,no_edges,0.0
AnomalyDAE,global,1.0,2,5,rand_feats,0.5193684210526316
AnomalyDAE,global,1.0,3,5,full,0.09513684210526316
AnomalyDAE,global,1.0,3,5,no_edges,0.0
AnomalyDAE,global,1.0,3,5,rand_feats,0.44490526315789475
AnomalyDAE,global,1.0,4,5,full,0.07191578947368422
AnomalyDAE,global,1.0,4,5,no_edges,0.0
AnomalyDAE,global,1.0,4,5,rand_feats,0.47934736842105263
AnomalyDAE,local,0.0,0,5,full,0.9885684210526315
AnomalyDAE,local,0.0,0,5,no_edges,0.6320842105263158
AnomalyDAE,local,0.0,0,5,rand_feats,0.45399999999999996
AnomalyDAE,local,0.0,1,5,full,0.994842105263158
AnomalyDAE,local,0.0,1,5,no_edges,0.6464842105263158
AnomalyDAE,local,0.0,1,5,rand_feats,0.528
AnomalyDAE,local,0.0,2,5,full,0.9960842105263158
AnomalyDAE,local,0.0,2,5,no_edges,0.0875578947368421
AnomalyDAE,local,0.0,2,5,rand_feats,0.5187368421052632
AnomalyDAE,local,0.0,3,5,full,0.9953052631578948
AnomalyDAE,local,0.0,3,5,no_edges,0.40006315789473684
AnomalyDAE,local,0.0,3,5,rand_feats,0.4414315789473684
AnomalyDAE,local,0.0,4,5,full,0.755557894736842
AnomalyDAE,local,0.0,4,5,no_edges,0.5802526315789474
AnomalyDAE,local,0.0,4,5,rand_feats,0.4732421052631579
AnomalyDAE,local,0.1,0,5,full,0.9414736842105264
AnomalyDAE,local,0.1,0,5,no_edges,0.43326315789473685
AnomalyDAE,local,0.1,0,5,rand_feats,0.46562105263157894
AnomalyDAE,local,0.1,1,5,full,0.9594947368421052
AnomalyDAE,local,0.1,1,5,no_edges,0.7220421052631578
AnomalyDAE,local,0.1,1,5,rand_feats,0.5114105263157895
AnomalyDAE,local,0.1,2,5,full,0.9574315789473684
AnomalyDAE,local,0.1,2,5,no_edges,0.18267368421052632
AnomalyDAE,local,0.1,2,5,rand_feats,0.5207157894736841
AnomalyDAE,local,0.1,3,5,full,0.9621052631578948
AnomalyDAE,local,0.1,3,5,no_edges,0.34585263157894736
AnomalyDAE,local,0.1,3,5,rand_feats,0.43298947368421054
AnomalyDAE,local,0.1,4,5,full,0.8666736842105263
AnomalyDAE,local,0.1,4,5,no_edges,0.3678526315789473
AnomalyDAE,local,0.1,4,5,rand_feats,0.47149473684210524
AnomalyDAE,local,0.2,0,5,full,0.8374526315789473
AnomalyDAE,local,0.2,0,5,no_edges,0.17806315789473684
AnomalyDAE,local,0.2,0,5,rand_feats,0.4722947368421053
AnomalyDAE,local,0.2,1,5,full,0.8708842105263158
AnomalyDAE,local,0.2,1,5,no_edges,0.2890105263157895
AnomalyDAE,local,0.2,1,5,rand_feats,0.5058947368421053
AnomalyDAE,local,0.2,2,5,full,0.862421052631579
AnomalyDAE,local,0.2,2,5,no_edges,0.2971368421052632
AnomalyDAE,local,0.2,2,5,rand_feats,0.5255157894736842
AnomalyDAE,local,0.2,3,5,full,0.8853684210526316
AnomalyDAE,local,0.2,3,5,no_edges,0.27549473684210524
AnomalyDAE,local,0.2,3,5,rand_feats,0.44105263157894736
AnomalyDAE,local,0.2,4,5,full,0.7180210526315789
AnomalyDAE,local,0.2,4,5,no_edges,0.23103157894736842
AnomalyDAE,local,0.2,4,5,rand_feats,0.4678315789473684
AnomalyDAE,local,0.3,0,5,full,0.5651368421052632
AnomalyDAE,local,0.3,0,5,no_edges,0.08658947368421055
AnomalyDAE,local,0.3,0,5,rand_feats,0.4724631578947368
AnomalyDAE,local,0.3,1,5,full,0.5785052631578946
AnomalyDAE,local,0.3,1,5,no_edges,0.12947368421052632
AnomalyDAE,local,0.3,1,5,rand_feats,0.515242105263158
AnomalyDAE,local,0.3,2,5,full,0.6150526315789473
AnomalyDAE,local,0.3,2,5,no_edges,0.20141052631578948
AnomalyDAE,local,0.3,2,5,rand_feats,0.4995157894736842
AnomalyDAE,local,0.3,3,5,full,0.6653052631578947
AnomalyDAE,local,0.3,3,5,no_edges,0.1938315789473684
AnomalyDAE,local,0.3,3,5,rand_feats,0.4433684210526316
AnomalyDAE,local,0.3,4,5,full,0.4514315789473684
AnomalyDAE,local,0.3,4,5,no_edges,0.1436
AnomalyDAE,local,0.3,4,5,rand_feats,0.46519999999999995
AnomalyDAE,local,0.4,0,5,full,0.24661052631578947
AnomalyDAE,local,0.4,0,5,no_edges,0.05322105263157896
AnomalyDAE,local,0.4,0,5,rand_feats,0.4741684210526316
AnomalyDAE,local,0.4,1,5,full,0.3206526315789474
AnomalyDAE,local,0.4,1,5,no_edges,0.2630105263157895
AnomalyDAE,local,0.4,1,5,rand_feats,0.5133473684210527
AnomalyDAE,local,0.4,2,5,full,0.30391578947368425
AnomalyDAE,local,0.4,2,5,no_edges,0.17572631578947367
AnomalyDAE,local,0.4,2,5,rand_feats,0.5073473684210527
AnomalyDAE,local,0.4,3,5,full,0.3694105263157894
AnomalyDAE,local,0.4,3,5,no_edges,0.1597263157894737
AnomalyDAE,local,0.4,3,5,rand_feats,0.43654736842105263
AnomalyDAE,local,0.4,4,5,full,0.1964210526315789
AnomalyDAE,local,0.4,4,5,no_edges,0.27444210526315793
AnomalyDAE,local,0.4,4,5,rand_feats,0.4692631578947369
AnomalyDAE,local,0.5,0,5,full,0.31288421052631576
AnomalyDAE,local,0.5,0,5,no_edges,0.2406736842105263
AnomalyDAE,local,0.5,0,5,rand_feats,0.45751578947368415
AnomalyDAE,local,0.5,1,5,full,0.05941052631578947
AnomalyDAE,local,0.5,1,5,no_edges,0.02997894736842106
AnomalyDAE,local,0.5,1,5,rand_feats,0.5009263157894737
AnomalyDAE,local,0.5,2,5,full,0.30187368421052635
AnomalyDAE,local,0.5,2,5,no_edges,0.012294736842105273
AnomalyDAE,local,0.5,2,5,rand_feats,0.5076421052631579
AnomalyDAE,local,0.5,3,5,full,0.35031578947368425
AnomalyDAE,local,0.5,3,5,no_edges,0.01821052631578948
AnomalyDAE,local,0.5,3,5,rand_feats,0.44088421052631577
AnomalyDAE,local,0.5,4,5,full,0.07869473684210526
AnomalyDAE,local,0.5,4,5,no_edges,0.03092631578947369
AnomalyDAE,local,0.5,4,5,rand_feats,0.4737684210526316
AnomalyDAE,local,0.6,0,5,full,0.0020421052631579006
AnomalyDAE,local,0.6,0,5,no_edges,0.0020000000000000083
AnomalyDAE,local,0.6,0,5,rand_feats,0.47385263157894736
AnomalyDAE,local,0.6,1,5,full,0.005052631578947373
AnomalyDAE,local,0.6,1,5,no_edges,0.0038736842105263156
AnomalyDAE,local,0.6,1,5,rand_feats,0.516378947368421
AnomalyDAE,local,0.6,2,5,full,0.013136842105263162
AnomalyDAE,local,0.6,2,5,no_edges,0.009831578947368427
AnomalyDAE,local,0.6,2,5,rand_feats,0.5191999999999999
AnomalyDAE,local,0.6,3,5,full,0.0057894736842105336
AnomalyDAE,local,0.6,3,5,no_edges,0.1779578947368421
AnomalyDAE,local,0.6,3,5,rand_feats,0.4398526315789474
AnomalyDAE,local,0.6,4,5,full,0.0034947368421052658
AnomalyDAE,local,0.6,4,5,no_edges,0.2033684210526316
AnomalyDAE,local,0.6,4,5,rand_feats,0.4693052631578948
AnomalyDAE,local,0.7,0,5,full,0.00025263157894736874
AnomalyDAE,local,0.7,0,5,no_edges,0.000673684210526313
AnomalyDAE,local,0.7,0,5,rand_feats,0.4609684210526316
AnomalyDAE,local,0.7,1,5,full,4.210526315789664e-05
AnomalyDAE,local,0.7,1,5,no_edges,0.23202105263157893
AnomalyDAE,local,0.7,1,5,rand_feats,0.5035157894736841
AnomalyDAE,local,0.7,2,5,full,0.0008842105263157918
AnomalyDAE,local,0.7,2,5,no_edges,0.0004210526315789487
AnomalyDAE,local,0.7,2,5,rand_feats,0.5133894736842105
AnomalyDAE,local,0.7,3,5,full,0.0
AnomalyDAE,local,0.7,3,5,no_edges,0.0014947368421052642
AnomalyDAE,local,0.7,3,5,rand_feats,0.4455157894736842
AnomalyDAE,local,0.7,4,5,full,0.00018947368421052825
AnomalyDAE,local,0.7,4,5,no_edges,0.001263157894736846
AnomalyDAE,local,0.7,4,5,rand_feats,0.46353684210526314
AnomalyDAE,local,0.8,0,5,full,0.0
AnomalyDAE,local,0.8,0,5,no_edges,0.0
AnomalyDAE,local,0.8,0,5,rand_feats,0.46008421052631576
AnomalyDAE,local,0.8,1,5,full,0.0
AnomalyDAE,local,0.8,1,5,no_edges,0.18804210526315784
AnomalyDAE,local,0.8,1,5,rand_feats,0.5161052631578947
AnomalyDAE,local,0.8,2,5,full,0.23111578947368422
AnomalyDAE,local,0.8,2,5,no_edges,0.0
AnomalyDAE,local,0.8,2,5,rand_feats,0.5117684210526315
AnomalyDAE,local,0.8,3,5,full,0.0
AnomalyDAE,local,0.8,3,5,no_edges,0.0
AnomalyDAE,local,0.8,3,5,rand_feats,0.4492842105263158
AnomalyDAE,local,0.8,4,5,full,2.105263157894832e-05
AnomalyDAE,local,0.8,4,5,no_edges,0.0
AnomalyDAE,local,0.8,4,5,rand_feats,0.46170526315789473
AnomalyDAE,local,0.9,0,5,full,0.0
AnomalyDAE,local,0.9,0,5,no_edges,0.0
AnomalyDAE,local,0.9,0,5,rand_feats,0.4776842105263158
AnomalyDAE,local,0.9,1,5,full,0.18932631578947368
AnomalyDAE,local,0.9,1,5,no_edges,0.19307368421052631
AnomalyDAE,local,0.9,1,5,rand_feats,0.5114736842105264
AnomalyDAE,local,0.9,2,5,full,0.20648421052631583
AnomalyDAE,local,0.9,2,5,no_edges,0.2532
AnomalyDAE,local,0.9,2,5,rand_feats,0.5206947368421053
AnomalyDAE,local,0.9,3,5,full,0.0
AnomalyDAE,local,0.9,3,5,no_edges,0.2910947368421053
AnomalyDAE,local,0.9,3,5,rand_feats,0.4472
AnomalyDAE,local,0.9,4,5,full,0.0
AnomalyDAE,local,0.9,4,5,no_edges,0.15703157894736844
AnomalyDAE,local,0.9,4,5,rand_feats,0.4746947368421053
AnomalyDAE,local,1.0,0,5,full,0.06964210526315791
AnomalyDAE,local,1.0,0,5,no_edges,0.0
AnomalyDAE,local,1.0,0,5,rand_feats,0.48166315789473685
AnomalyDAE,local,1.0,1,5,full,0.0
AnomalyDAE,local,1.0,1,5,no_edges,0.0
AnomalyDAE,local,1.0,1,5,rand_feats,0.5089684210526315
AnomalyDAE,local,1.0,2,5,full,0.0
AnomalyDAE,local,1.0,2,5,no_edges,0.2122105263157895
AnomalyDAE,local,1.0,2,5,rand_feats,0.5014736842105263
AnomalyDAE,local,1.0,3,5,full,0.10543157894736843
AnomalyDAE,local,1.0,3,5,no_edges,0.1851368421052632
AnomalyDAE,local,1.0,3,5,rand_feats,0.4621894736842106
AnomalyDAE,local,1.0,4,5,full,0.0
AnomalyDAE,local,1.0,4,5,no_edges,0.1951578947368421
AnomalyDAE,local,1.0,4,5,rand_feats,0.4731157894736842
CoLA,global,0.0,0,5,full,0.7636000000000001
CoLA,global,0.0,0,5,no_edges,0.46071578947368425
CoLA,global,0.0,0,5,rand_feats,0.42486315789473683
CoLA,global,0.0,1,5,full,0.727621052631579
CoLA,global,0.0,1,5,no_edges,0.45267368421052634
CoLA,global,0.0,1,5,rand_feats,0.515242105263158
CoLA,global,0.0,2,5,full,0.7137684210526316
CoLA,global,0.0,2,5,no_edges,0.4376631578947368
CoLA,global,0.0,2,5,rand_feats,0.48254736842105267
CoLA,global,0.0,3,5,full,0.7043368421052632
CoLA,global,0.0,3,5,no_edges,0.3718105263157895
CoLA,global,0.0,3,5,rand_feats,0.5370526315789473
CoLA,global,0.0,4,5,full,0.6317473684210526
CoLA,global,0.0,4,5,no_edges,0.3792
CoLA,global,0.0,4,5,rand_feats,0.5145052631578948
CoLA,global,0.1,0,5,full,0.7353473684210525
CoLA,global,0.1,0,5,no_edges,0.4702526315789473
CoLA,global,0.1,0,5,rand_feats,0.41393684210526316
CoLA,global,0.1,1,5,full,0.6736000000000001
CoLA,global,0.1,1,5,no_edges,0.48185263157894737
CoLA,global,0.1,1,5,rand_feats,0.5302736842105263
CoLA,global,0.1,2,5,full,0.7019789473684211
CoLA,global,0.1,2,5,no_edges,0.4170736842105263
CoLA,global,0.1,2,5,rand_feats,0.41608421052631583
CoLA,global,0.1,3,5,full,0.7292631578947367
CoLA,global,0.1,3,5,no_edges,0.3854105263157895
CoLA,global,0.1,3,5,rand_feats,0.445178947368421
CoLA,global,0.1,4,5,full,0.7243789473684211
CoLA,global,0.1,4,5,no_edges,0.5265473684210527
CoLA,global,0.1,4,5,rand_feats,0.500378947368421
CoLA,global,0.2,0,5,full,0.7487157894736842
CoLA,global,0.2,0,5,no_edges,0.5050315789473685
CoLA,global,0.2,0,5,rand_feats,0.4627157894736842
CoLA,global,0.2,1,5,full,0.7270736842105263
CoLA,global,0.2,1,5,no_edges,0.5572421052631579
CoLA,global,0.2,1,5,rand_feats,0.4920421052631579
CoLA,global,0.2,2,5,full,0.7554736842105263
CoLA,global,0.2,2,5,no_edges,0.4887578947368421
CoLA,global,0.2,2,5,rand_feats,0.529242105263158
CoLA,global,0.2,3,5,full,0.6874947368421053
CoLA,global,0.2,3,5,no_edges,0.4277052631578947
CoLA,global,0.2,3,5,rand_feats,0.46978947368421053
CoLA,global,0.2,4,5,full,0.6068842105263158
CoLA,global,0.2,4,5,no_edges,0.5922315789473684
CoLA,global,0.2,4,5,rand_feats,0.5124210526315789
CoLA,global,0.3,0,5,full,0.7319368421052632
CoLA,global,0.3,0,5,no_edges,0.6578105263157894
CoLA,global,0.3,0,5,rand_feats,0.45313684210526317
CoLA,global,0.3,1,5,full,0.7564842105263158
CoLA,global,0.3,1,5,no_edges,0.5892631578947369
CoLA,global,0.3,1,5,rand_feats,0.5199157894736842
CoLA,global,0.3,2,5,full,0.8105052631578947
CoLA,global,0.3,2,5,no_edges,0.5918947368421053
CoLA,global,0.3,2,5,rand_feats,0.4826315789473684
CoLA,global,0.3,3,5,full,0.7662526315789473
CoLA,global,0.3,3,5,no_edges,0.5357894736842106
CoLA,global,0.3,3,5,rand_feats,0.48806315789473687
CoLA,global,0.3,4,5,full,0.7224631578947369
CoLA,global,0.3,4,5,no_edges,0.5222736842105263
CoLA,global,0.3,4,5,rand_feats,0.5171368421052631
CoLA,global,0.4,0,5,full,0.6864842105263158
CoLA,global,0.4,0,5,no_edges,0.6489894736842106
CoLA,global,0.4,0,5,rand_feats,0.46187368421052627
CoLA,global,0.4,1,5,full,0.7935578947368421
CoLA,global,0.4,1,5,no_edges,0.7553473684210527
CoLA,global,0.4,1,5,rand_feats,0.5120210526315789
CoLA,global,0.4,2,5,full,0.7444421052631579
CoLA,global,0.4,2,5,no_edges,0.6531368421052631
CoLA,global,0.4,2,5,rand_feats,0.5403157894736843
CoLA,global,0.4,3,5,full,0.7518526315789473
CoLA,global,0.4,3,5,no_edges,0.6955368421052631
CoLA,global,0.4,3,5,rand_feats,0.4387368421052632
CoLA,global,0.4,4,5,full,0.684
CoLA,global,0.4,4,5,no_edges,0.6314526315789473
CoLA,global,0.4,4,5,rand_feats,0.4828421052631579
CoLA,global,0.5,0,5,full,0.7507157894736842
CoLA,global,0.5,0,5,no_edges,0.8177894736842105
CoLA,global,0.5,0,5,rand_feats,0.4463789473684211
CoLA,global,0.5,1,5,full,0.7801473684210525
CoLA,global,0.5,1,5,no_edges,0.7616421052631579
CoLA,global,0.5,1,5,rand_feats,0.5352210526315789
CoLA,global,0.5,2,5,full,0.7627368421052632
CoLA,global,0.5,2,5,no_edges,0.7538526315789473
CoLA,global,0.5,2,5,rand_feats,0.5188631578947368
CoLA,global,0.5,3,5,full,0.7492631578947369
CoLA,global,0.5,3,5,no_edges,0.8064
CoLA,global,0.5,3,5,rand_feats,0.4754526315789474
CoLA,global,0.5,4,5,full,0.7278105263157895
CoLA,global,0.5,4,5,no_edges,0.797578947368421
CoLA,global,0.5,4,5,rand_feats,0.4791789473684211
CoLA,global,0.6,0,5,full,0.7746947368421052
CoLA,global,0.6,0,5,no_edges,0.8911578947368421
CoLA,global,0.6,0,5,rand_feats,0.4312842105263158
CoLA,global,0.6,1,5,full,0.8042526315789474
CoLA,global,0.6,1,5,no_edges,0.9194947368421053
CoLA,global,0.6,1,5,rand_feats,0.4397052631578947
CoLA,global,0.6,2,5,full,0.7813684210526316
CoLA,global,0.6,2,5,no_edges,0.8553052631578947
CoLA,global,0.6,2,5,rand_feats,0.5274105263157896
CoLA,global,0.6,3,5,full,0.7765894736842105
CoLA,global,0.6,3,5,no_edges,0.8797263157894737
CoLA,global,0.6,3,5,rand_feats,0.46368421052631575
CoLA,global,0.6,4,5,full,0.7914105263157895
CoLA,global,0.6,4,5,no_edges,0.8911157894736842
CoLA,global,0.6,4,5,rand_feats,0.5529684210526316
CoLA,global,0.7,0,5,full,0.7533894736842105
CoLA,global,0.7,0,5,no_edges,0.9564
CoLA,global,0.7,0,5,rand_feats,0.5138315789473685
CoLA,global,0.7,1,5,full,0.810357894736842
CoLA,global,0.7,1,5,no_edges,0.9389263157894737
CoLA,global,0.7,1,5,rand_feats,0.4400842105263158
CoLA,global,0.7,2,5,full,0.7528
CoLA,global,0.7,2,5,no_edges,0.9702105263157895
CoLA,global,0.7,2,5,rand_feats,0.49475789473684206
CoLA,global,0.7,3,5,full,0.806
CoLA,global,0.7,3,5,no_edges,0.9674526315789475
CoLA,global,0.7,3,5,rand_feats,0.5122947368421052
CoLA,global,0.7,4,5,full,0.7483578947368421
CoLA,global,0.7,4,5,no_edges,0.9428421052631579
CoLA,global,0.7,4,5,rand_feats,0.4929473684210526
CoLA,global,0.8,0,5,full,0.7926315789473685
CoLA,global,0.8,0,5,no_edges,0.9772842105263158
CoLA,global,0.8,0,5,rand_feats,0.5067157894736842
CoLA,global,0.8,1,5,full,0.777978947368421
CoLA,global,0.8,1,5,no_edges,0.9826526315789473
CoLA,global,0.8,1,5,rand_feats,0.5126105263157894
CoLA,global,0.8,2,5,full,0.7952
CoLA,global,0.8,2,5,no_edges,0.9790105263157894
CoLA,global,0.8,2,5,rand_feats,0.4669894736842105
CoLA,global,0.8,3,5,full,0.7557263157894737
CoLA,global,0.8,3,5,no_edges,0.9716421052631579
CoLA,global,0.8,3,5,rand_feats,0.4994315789473684
CoLA,global,0.8,4,5,full,0.7877684210526317
CoLA,global,0.8,4,5,no_edges,0.9790315789473685
CoLA,global,0.8,4,5,rand_feats,0.5018105263157895
CoLA,global,0.9,0,5,full,0.786021052631579
CoLA,global,0.9,0,5,no_edges,0.9845473684210526
CoLA,global,0.9,0,5,rand_feats,0.4907157894736842
CoLA,global,0.9,1,5,full,0.8163789473684211
CoLA,global,0.9,1,5,no_edges,0.9886105263157895
CoLA,global,0.9,1,5,rand_feats,0.5333052631578947
CoLA,global,0.9,2,5,full,0.7834315789473684
CoLA,global,0.9,2,5,no_edges,0.9864421052631579
CoLA,global,0.9,2,5,rand_feats,0.47113684210526313
CoLA,global,0.9,3,5,full,0.8086105263157894
CoLA,global,0.9,3,5,no_edges,0.9865263157894737
CoLA,global,0.9,3,5,rand_feats,0.5409052631578948
CoLA,global,0.9,4,5,full,0.8066315789473685
CoLA,global,0.9,4,5,no_edges,0.9865894736842105
CoLA,global,0.9,4,5,rand_feats,0.5164842105263158
CoLA,global,1.0,0,5,full,0.7903157894736842
CoLA,global,1.0,0,5,no_edges,0.9828210526315789
CoLA,global,1.0,0,5,rand_feats,0.44665263157894736
CoLA,global,1.0,1,5,full,0.8197263157894736
CoLA,global,1.0,1,5,no_edges,0.9888631578947368
CoLA,global,1.0,1,5,rand_feats,0.520421052631579
CoLA,global,1.0,2,5,full,0.7974105263157896
CoLA,global,1.0,2,5,no_edges,0.9886105263157895
CoLA,global,1.0,2,5,rand_feats,0.47652631578947363
CoLA,global,1.0,3,5,full,0.8067368421052631
CoLA,global,1.0,3,5,no_edges,0.9911157894736842
CoLA,global,1.0,3,5,rand_feats,0.5369894736842105
CoLA,global,1.0,4,5,full,0.8084842105263158
CoLA,global,1.0,4,5,no_edges,0.9899368421052631
CoLA,global,1.0,4,5,rand_feats,0.4869263157894737
CoLA,local,0.0,0,5,full,0.6850105263157894
CoLA,local,0.0,0,5,no_edges,0.33130526315789477
CoLA,local,0.0,0,5,rand_feats,0.5134947368421053
CoLA,local,0.0,1,5,full,0.6976631578947369
CoLA,local,0.0,1,5,no_edges,0.40193684210526315
CoLA,local,0.0,1,5,rand_feats,0.5219578947368422
CoLA,local,0.0,2,5,full,0.7243368421052632
CoLA,local,0.0,2,5,no_edges,0.34136842105263154
CoLA,local,0.0,2,5,rand_feats,0.4786315789473684
CoLA,local,0.0,3,5,full,0.6800421052631579
CoLA,local,0.0,3,5,no_edges,0.38035789473684206
CoLA,local,0.0,3,5,rand_feats,0.4930736842105263
CoLA,local,0.0,4,5,full,0.6596000000000001
CoLA,local,0.0,4,5,no_edges,0.4182526315789474
CoLA,local,0.0,4,5,rand_feats,0.5421684210526317
CoLA,local,0.1,0,5,full,0.6873052631578948
CoLA,local,0.1,0,5,no_edges,0.4466105263157895
CoLA,local,0.1,0,5,rand_feats,0.48157894736842105
CoLA,local,0.1,1,5,full,0.7734315789473684
CoLA,local,0.1,1,5,no_edges,0.48256842105263154
CoLA,local,0.1,1,5,rand_feats,0.4885894736842105
CoLA,local,0.1,2,5,full,0.6900210526315789
CoLA,local,0.1,2,5,no_edges,0.36143157894736844
CoLA,local,0.1,2,5,rand_feats,0.44745263157894744
CoLA,local,0.1,3,5,full,0.7005684210526316
CoLA,local,0.1,3,5,no_edges,0.4530947368421053
CoLA,local,0.1,3,5,rand_feats,0.5073684210526316
CoLA,local,0.1,4,5,full,0.6749473684210526
CoLA,local,0.1,4,5,no_edges,0.33825263157894736
CoLA,local,0.1,4,5,rand_feats,0.5064842105263158
CoLA,local,0.2,0,5,full,0.6955789473684211
CoLA,local,0.2,0,5,no_edges,0.5053052631578947
CoLA,local,0.2,0,5,rand_feats,0.46437894736842106
CoLA,local,0.2,1,5,full,0.7002736842105264
CoLA,local,0.2,1,5,no_edges,0.5970736842105263
CoLA,local,0.2,1,5,rand_feats,0.4975789473684211
CoLA,local,0.2,2,5,full,0.7426315789473685
CoLA,local,0.2,2,5,no_edges,0.49665263157894735
CoLA,local,0.2,2,5,rand_feats,0.5162526315789474
CoLA,local,0.2,3,5,full,0.7144842105263157
CoLA,local,0.2,3,5,no_edges,0.5526526315789474
CoLA,local,0.2,3,5,rand_feats,0.5172
CoLA,local,0.2,4,5,full,0.6212421052631579
CoLA,local,0.2,4,5,no_edges,0.5665684210526316
CoLA,local,0.2,4,5,rand_feats,0.5306526315789474
CoLA,local,0.3,0,5,full,0.7137052631578947
CoLA,local,0.3,0,5,no_edges,0.4927578947368421
CoLA,local,0.3,0,5,rand_feats,0.4377894736842105
CoLA,local,0.3,1,5,full,0.7550947368421053
CoLA,local,0.3,1,5,no_edges,0.6035789473684211
CoLA,local,0.3,1,5,rand_feats,0.46227368421052634
CoLA,local,0.3,2,5,full,0.6918736842105263
CoLA,local,0.3,2,5,no_edges,0.5928421052631578
CoLA,local,0.3,2,5,rand_feats,0.3994105263157895
CoLA,local,0.3,3,5,full,0.6724842105263158
CoLA,local,0.3,3,5,no_edges,0.6384421052631579
CoLA,local,0.3,3,5,rand_feats,0.5116631578947368
CoLA,local,0.3,4,5,full,0.5953052631578948
CoLA,local,0.3,4,5,no_edges,0.5727578947368421
CoLA,local,0.3,4,5,rand_feats,0.5150526315789473
CoLA,local,0.4,0,5,full,0.669578947368421
CoLA,local,0.4,0,5,no_edges,0.6085263157894737
CoLA,local,0.4,0,5,rand_feats,0.48410526315789476
CoLA,local,0.4,1,5,full,0.7050315789473683
CoLA,local,0.4,1,5,no_edges,0.7135157894736842
CoLA,local,0.4,1,5,rand_feats,0.501178947368421
CoLA,local,0.4,2,5,full,0.7211473684210526
CoLA,local,0.4,2,5,no_edges,0.5718526315789475
CoLA,local,0.4,2,5,rand_feats,0.4878526315789474
CoLA,local,0.4,3,5,full,0.7129684210526316
CoLA,local,0.4,3,5,no_edges,0.6095157894736842
CoLA,local,0.4,3,5,rand_feats,0.4570947368421053
CoLA,local,0.4,4,5,full,0.6633473684210527
CoLA,local,0.4,4,5,no_edges,0.6492842105263159
CoLA,local,0.4,4,5,rand_feats,0.5136631578947368
CoLA,local,0.5,0,5,full,0.6172421052631579
CoLA,local,0.5,0,5,no_edges,0.7498315789473684
CoLA,local,0.5,0,5,rand_feats,0.46715789473684205
CoLA,local,0.5,1,5,full,0.6456631578947369
CoLA,local,0.5,1,5,no_edges,0.8494315789473684
CoLA,local,0.5,1,5,rand_feats,0.4388421052631579
CoLA,local,0.5,2,5,full,0.6410526315789473
CoLA,local,0.5,2,5,no_edges,0.8077684210526315
CoLA,local,0.5,2,5,rand_feats,0.45444210526315787
CoLA,local,0.5,3,5,full,0.6389263157894737
CoLA,local,0.5,3,5,no_edges,0.8586736842105263
CoLA,local,0.5,3,5,rand_feats,0.45970526315789473
CoLA,local,0.5,4,5,full,0.6237684210526315
CoLA,local,0.5,4,5,no_edges,0.6804
CoLA,local,0.5,4,5,rand_feats,0.4961263157894737
CoLA,local,0.6,0,5,full,0.6904842105263158
CoLA,local,0.6,0,5,no_edges,0.8901894736842104
CoLA,local,0.6,0,5,rand_feats,0.48473684210526313
CoLA,local,0.6,1,5,full,0.6664210526315788
CoLA,local,0.6,1,5,no_edges,0.8623789473684209
CoLA,local,0.6,1,5,rand_feats,0.5010947368421053
CoLA,local,0.6,2,5,full,0.6662842105263157
CoLA,local,0.6,2,5,no_edges,0.8190105263157894
CoLA,local,0.6,2,5,rand_feats,0.4470105263157895
CoLA,local,0.6,3,5,full,0.561178947368421
CoLA,local,0.6,3,5,no_edges,0.8455368421052631
CoLA,local,0.6,3,5,rand_feats,0.46917894736842103
CoLA,local,0.6,4,5,full,0.5733263157894737
CoLA,local,0.6,4,5,no_edges,0.8228
CoLA,local,0.6,4,5,rand_feats,0.5042526315789473
CoLA,local,0.7,0,5,full,0.6309263157894737
CoLA,local,0.7,0,5,no_edges,0.9193052631578948
CoLA,local,0.7,0,5,rand_feats,0.4865263157894737
CoLA,local,0.7,1,5,full,0.6493684210526315
CoLA,local,0.7,1,5,no_edges,0.9125263157894737
CoLA,local,0.7,1,5,rand_feats,0.5118947368421052
CoLA,local,0.7,2,5,full,0.6508421052631579
CoLA,local,0.7,2,5,no_edges,0.9286421052631579
CoLA,local,0.7,2,5,rand_feats,0.47576842105263156
CoLA,local,0.7,3,5,full,0.6652210526315789
CoLA,local,0.7,3,5,no_edges,0.9125684210526316
CoLA,local,0.7,3,5,rand_feats,0.5254315789473685
CoLA,local,0.7,4,5,full,0.542821052631579
CoLA,local,0.7,4,5,no_edges,0.9025052631578947
CoLA,local,0.7,4,5,rand_feats,0.5598526315789474
CoLA,local,0.8,0,5,full,0.5924
CoLA,local,0.8,0,5,no_edges,0.937242105263158
CoLA,local,0.8,0,5,rand_feats,0.4468
CoLA,local,0.8,1,5,full,0.564
CoLA,local,0.8,1,5,no_edges,0.9331368421052632
CoLA,local,0.8,1,5,rand_feats,0.4998631578947368
CoLA,local,0.8,2,5,full,0.5393684210526316
CoLA,local,0.8,2,5,no_edges,0.9047157894736841
CoLA,local,0.8,2,5,rand_feats,0.4666947368421053
CoLA,local,0.8,3,5,full,0.5224210526315789
CoLA,local,0.8,3,5,no_edges,0.9518526315789474
CoLA,local,0.8,3,5,rand_feats,0.5457684210526316
CoLA,local,0.8,4,5,full,0.5085894736842105
CoLA,local,0.8,4,5,no_edges,0.9328421052631579
CoLA,local,0.8,4,5,rand_feats,0.4997473684210526
CoLA,local,0.9,0,5,full,0.5830947368421052
CoLA,local,0.9,0,5,no_edges,0.9213052631578947
CoLA,local,0.9,0,5,rand_feats,0.45002105263157893
CoLA,local,0.9,1,5,full,0.5882315789473684
CoLA,local,0.9,1,5,no_edges,0.9410315789473683
CoLA,local,0.9,1,5,rand_feats,0.44486315789473685
CoLA,local,0.9,2,5,full,0.4816
CoLA,local,0.9,2,5,no_edges,0.9076
CoLA,local,0.9,2,5,rand_feats,0.5263578947368421
CoLA,local,0.9,3,5,full,0.5536842105263158
CoLA,local,0.9,3,5,no_edges,0.9004842105263158
CoLA,local,0.9,3,5,rand_feats,0.5147578947368421
CoLA,local,0.9,4,5,full,0.41141052631578945
CoLA,local,0.9,4,5,no_edges,0.9516631578947369
CoLA,local,0.9,4,5,rand_feats,0.46040000000000003
CoLA,local,1.0,0,5,full,0.5464631578947368
CoLA,local,1.0,0,5,no_edges,0.8251368421052632
CoLA,local,1.0,0,5,rand_feats,0.4438736842105263
CoLA,local,1.0,1,5,full,0.5017052631578947
CoLA,local,1.0,1,5,no_edges,0.9172210526315789
CoLA,local,1.0,1,5,rand_feats,0.4435157894736842
CoLA,local,1.0,2,5,full,0.5175263157894736
CoLA,local,1.0,2,5,no_edges,0.8654631578947369
CoLA,local,1.0,2,5,rand_feats,0.49599999999999994
CoLA,local,1.0,3,5,full,0.46783157894736843
CoLA,local,1.0,3,5,no_edges,0.9362631578947368
CoLA,local,1.0,3,5,rand_feats,0.4943578947368421
CoLA,local,1.0,4,5,full,0.5120421052631579
CoLA,local,1.0,4,5,no_edges,0.8758736842105262
CoLA,local,1.0,4,5,rand_feats,0.49827368421052637
DOMINANT,global,0.0,0,5,full,0.9850736842105263
DOMINANT,global,0.0,0,5,no_edges,0.6901473684210526
DOMINANT,global,0.0,0,5,rand_feats,0.4705263157894737
DOMINANT,global,0.0,1,5,full,0.9944842105263157
DOMINANT,global,0.0,1,5,no_edges,0.6856631578947369
DOMINANT,global,0.0,1,5,rand_feats,0.5016842105263157
DOMINANT,global,0.0,2,5,full,0.9781894736842105
DOMINANT,global,0.0,2,5,no_edges,0.7380631578947369
DOMINANT,global,0.0,2,5,rand_feats,0.5184631578947368
DOMINANT,global,0.0,3,5,full,0.9906736842105264
DOMINANT,global,0.0,3,5,no_edges,0.7670947368421053
DOMINANT,global,0.0,3,5,rand_feats,0.44709473684210527
DOMINANT,global,0.0,4,5,full,0.9410526315789474
DOMINANT,global,0.0,4,5,no_edges,0.7053894736842105
DOMINANT,global,0.0,4,5,rand_feats,0.516821052631579
DOMINANT,global,0.1,0,5,full,0.9579368421052631
DOMINANT,global,0.1,0,5,no_edges,0.37507368421052634
DOMINANT,global,0.1,0,5,rand_feats,0.47187368421052633
DOMINANT,global,0.1,1,5,full,0.974063157894737
DOMINANT,global,0.1,1,5,no_edges,0.5184
DOMINANT,global,0.1,1,5,rand_feats,0.5025473684210526
DOMINANT,global,0.1,2,5,full,0.8969473684210526
DOMINANT,global,0.1,2,5,no_edges,0.40936842105263166
DOMINANT,global,0.1,2,5,rand_feats,0.5184421052631579
DOMINANT,global,0.1,3,5,full,0.9663578947368421
DOMINANT,global,0.1,3,5,no_edges,0.5870736842105264
DOMINANT,global,0.1,3,5,rand_feats,0.4454736842105263
DOMINANT,global,0.1,4,5,full,0.8981052631578947
DOMINANT,global,0.1,4,5,no_edges,0.5184421052631578
DOMINANT,global,0.1,4,5,rand_feats,0.5161473684210527
DOMINANT,global,0.2,0,5,full,0.9060631578947369
DOMINANT,global,0.2,0,5,no_edges,0.2411578947368421
DOMINANT,global,0.2,0,5,rand_feats,0.47132631578947365
DOMINANT,global,0.2,1,5,full,0.8705473684210526
DOMINANT,global,0.2,1,5,no_edges,0.35840000000000005
DOMINANT,global,0.2,1,5,rand_feats,0.5016
DOMINANT,global,0.2,2,5,full,0.8832631578947369
DOMINANT,global,0.2,2,5,no_edges,0.2809263157894737
DOMINANT,global,0.2,2,5,rand_feats,0.5178315789473684
DOMINANT,global,0.2,3,5,full,0.9197263157894736
DOMINANT,global,0.2,3,5,no_edges,0.41513684210526314
DOMINANT,global,0.2,3,5,rand_feats,0.4473473684210526
DOMINANT,global,0.2,4,5,full,0.8156842105263158
DOMINANT,global,0.2,4,5,no_edges,0.33107368421052635
DOMINANT,global,0.2,4,5,rand_feats,0.5164421052631579
DOMINANT,global,0.3,0,5,full,0.7823789473684211
DOMINANT,global,0.3,0,5,no_edges,0.14303157894736845
DOMINANT,global,0.3,0,5,rand_feats,0.47185263157894736
DOMINANT,global,0.3,1,5,full,0.807221052631579
DOMINANT,global,0.3,1,5,no_edges,0.1464
DOMINANT,global,0.3,1,5,rand_feats,0.5033263157894737
DOMINANT,global,0.3,2,5,full,0.8142526315789472
DOMINANT,global,0.3,2,5,no_edges,0.15364210526315789
DOMINANT,global,0.3,2,5,rand_feats,0.5174105263157895
DOMINANT,global,0.3,3,5,full,0.8505052631578948
DOMINANT,global,0.3,3,5,no_edges,0.16347368421052633
DOMINANT,global,0.3,3,5,rand_feats,0.4464631578947369
DOMINANT,global,0.3,4,5,full,0.7277473684210527
DOMINANT,global,0.3,4,5,no_edges,0.1374315789473684
DOMINANT,global,0.3,4,5,rand_feats,0.5159368421052631
DOMINANT,global,0.4,0,5,full,0.5146736842105263
DOMINANT,global,0.4,0,5,no_edges,0.019242105263157894
DOMINANT,global,0.4,0,5,rand_feats,0.47166315789473684
DOMINANT,global,0.4,1,5,full,0.6354526315789473
DOMINANT,global,0.4,1,5,no_edges,0.04675789473684211
DOMINANT,global,0.4,1,5,rand_feats,0.5027999999999999
DOMINANT,global,0.4,2,5,full,0.7210105263157894
DOMINANT,global,0.4,2,5,no_edges,0.07132631578947367
DOMINANT,global,0.4,2,5,rand_feats,0.5161473684210527
DOMINANT,global,0.4,3,5,full,0.6591157894736842
DOMINANT,global,0.4,3,5,no_edges,0.031010526315789474
DOMINANT,global,0.4,3,5,rand_feats,0.44898947368421055
DOMINANT,global,0.4,4,5,full,0.5733894736842106
DOMINANT,global,0.4,4,5,no_edges,0.06263157894736843
DOMINANT,global,0.4,4,5,rand_feats,0.5166526315789474
DOMINANT,global,0.5,0,5,full,0.48844210526315796
DOMINANT,global,0.5,0,5,no_edges,0.00446315789473686
DOMINANT,global,0.5,0,5,rand_feats,0.471221052631579
DOMINANT,global,0.5,1,5,full,0.4263157894736842
DOMINANT,global,0.5,1,5,no_edges,0.009936842105263166
DOMINANT,global,0.5,1,5,rand_feats,0.5028842105263158
DOMINANT,global,0.5,2,5,full,0.5698736842105263
DOMINANT,global,0.5,2,5,no_edges,0.007242105263157893
DOMINANT,global,0.5,2,5,rand_feats,0.5178736842105263
DOMINANT,global,0.5,3,5,full,0.6290526315789474
DOMINANT,global,0.5,3,5,no_edges,0.010105263157894739
DOMINANT,global,0.5,3,5,rand_feats,0.44682105263157895
DOMINANT,global,0.5,4,5,full,0.4900842105263158
DOMINANT,global,0.5,4,5,no_edges,0.011726315789473687
DOMINANT,global,0.5,4,5,rand_feats,0.5150736842105264
DOMINANT,global,0.6,0,5,full,0.3486315789473684
DOMINANT,global,0.6,0,5,no_edges,0.00012631578947368548
DOMINANT,global,0.6,0,5,rand_feats,0.47216842105263157
DOMINANT,global,0.6,1,5,full,0.31221052631578944
DOMINANT,global,0.6,1,5,no_edges,0.002652631578947382
DOMINANT,global,0.6,1,5,rand_feats,0.502378947368421
DOMINANT,global,0.6,2,5,full,0.5060631578947368
DOMINANT,global,0.6,2,5,no_edges,0.0017894736842105296
DOMINANT,global,0.6,2,5,rand_feats,0.5180210526315789
DOMINANT,global,0.6,3,5,full,0.4356631578947368
DOMINANT,global,0.6,3,5,no_edges,6.315789473684274e-05
DOMINANT,global,0.6,3,5,rand_feats,0.44677894736842105
DOMINANT,global,0.6,4,5,full,0.4434526315789474
DOMINANT,global,0.6,4,5,no_edges,0.0
DOMINANT,global,0.6,4,5,rand_feats,0.5155473684210526
DOMINANT,global,0.7,0,5,full,0.16768421052631577
DOMINANT,global,0.7,0,5,no_edges,0.0
DOMINANT,global,0.7,0,5,rand_feats,0.47065263157894743
DOMINANT,global,0.7,1,5,full,0.21290526315789476
DOMINANT,global,0.7,1,5,no_edges,0.0
DOMINANT,global,0.7,1,5,rand_feats,0.5022736842105263
DOMINANT,global,0.7,2,5,full,0.12027368421052632
DOMINANT,global,0.7,2,5,no_edges,0.0
DOMINANT,global,0.7,2,5,rand_feats,0.5181473684210527
DOMINANT,global,0.7,3,5,full,0.19143157894736845
DOMINANT,global,0.7,3,5,no_edges,0.0
DOMINANT,global,0.7,3,5,rand_feats,0.4478526315789474
DOMINANT,global,0.7,4,5,full,0.18650526315789476
DOMINANT,global,0.7,4,5,no_edges,0.0
DOMINANT,global,0.7,4,5,rand_feats,0.5150736842105262
DOMINANT,global,0.8,0,5,full,0.08945263157894737
DOMINANT,global,0.8,0,5,no_edges,0.0
DOMINANT,global,0.8,0,5,rand_feats,0.47225263157894737
DOMINANT,global,0.8,1,5,full,0.030189473684210537
DOMINANT,global,0.8,1,5,no_edges,0.0
DOMINANT,global,0.8,1,5,rand_feats,0.5033473684210527
DOMINANT,global,0.8,2,5,full,0.2905263157894737
DOMINANT,global,0.8,2,5,no_edges,0.0
DOMINANT,global,0.8,2,5,rand_feats,0.5182526315789473
DOMINANT,global,0.8,3,5,full,0.0712421052631579
DOMINANT,global,0.8,3,5,no_edges,0.0
DOMINANT,global,0.8,3,5,rand_feats,0.44642105263157894
DOMINANT,global,0.8,4,5,full,0.17591578947368422
DOMINANT,global,0.8,4,5,no_edges,0.0
DOMINANT,global,0.8,4,5,rand_feats,0.5146947368421053
DOMINANT,global,0.9,0,5,full,0.12292631578947369
DOMINANT,global,0.9,0,5,no_edges,0.0
DOMINANT,global,0.9,0,5,rand_feats,0.4712842105263158
DOMINANT,global,0.9,1,5,full,0.02162105263157895
DOMINANT,global,0.9,1,5,no_edges,0.0
DOMINANT,global,0.9,1,5,rand_feats,0.5037052631578947
DOMINANT,global,0.9,2,5,full,0.21366315789473683
DOMINANT,global,0.9,2,5,no_edges,0.0
DOMINANT,global,0.9,2,5,rand_feats,0.5181052631578947
DOMINANT,global,0.9,3,5,full,0.09463157894736843
DOMINANT,global,0.9,3,5,no_edges,0.0
DOMINANT,global,0.9,3,5,rand_feats,0.44661052631578946
DOMINANT,global,0.9,4,5,full,0.17309473684210527
DOMINANT,global,0.9,4,5,no_edges,0.0
DOMINANT,global,0.9,4,5,rand_feats,0.5161684210526316
DOMINANT,global,1.0,0,5,full,0.07202105263157896
DOMINANT,global,1.0,0,5,no_edges,0.0
DOMINANT,global,1.0,0,5,rand_feats,0.4719368421052631
DOMINANT,global,1.0,1,5,full,0.05498947368421053
DOMINANT,global,1.0,1,5,no_edges,0.0
DOMINANT,global,1.0,1,5,rand_feats,0.5024631578947368
DOMINANT,global,1.0,2,5,full,0.15543157894736842
DOMINANT,global,1.0,2,5,no_edges,0.0
DOMINANT,global,1.0,2,5,rand_feats,0.5185684210526316
DOMINANT,global,1.0,3,5,full,0.21094736842105263
DOMINANT,global,1.0,3,5,no_edges,0.0
DOMINANT,global,1.0,3,5,rand_feats,0.44650526315789474
DOMINANT,global,1.0,4,5,full,0.13903157894736842
DOMINANT,global,1.0,4,5,no_edges,0.0
DOMINANT,global,1.0,4,5,rand_feats,0.5155578947368421
DOMINANT,local,0.0,0,5,full,0.9802526315789474
DOMINANT,local,0.0,0,5,no_edges,0.6864210526315789
DOMINANT,local,0.0,0,5,rand_feats,0.4719578947368421
DOMINANT,local,0.0,1,5,full,0.9896631578947368
DOMINANT,local,0.0,1,5,no_edges,0.6394947368421052
DOMINANT,local,0.0,1,5,rand_feats,0.5041052631578947
DOMINANT,local,0.0,2,5,full,0.9809052631578947
DOMINANT,local,0.0,2,5,no_edges,0.5702315789473684
DOMINANT,local,0.0,2,5,rand_feats,0.5166315789473684
DOMINANT,local,0.0,3,5,full,0.9881894736842105
DOMINANT,local,0.0,3,5,no_edges,0.7459789473684211
DOMINANT,local,0.0,3,5,rand_feats,0.45122105263157897
DOMINANT,local,0.0,4,5,full,0.9558947368421052
DOMINANT,local,0.0,4,5,no_edges,0.7216842105263157
DOMINANT,local,0.0,4,5,rand_feats,0.5163368421052632
DOMINANT,local,0.1,0,5,full,0.9293473684210527
DOMINANT,local,0.1,0,5,no_edges,0.5721684210526315
DOMINANT,local,0.1,0,5,rand_feats,0.4717052631578947
DOMINANT,local,0.1,1,5,full,0.932778947368421
DOMINANT,local,0.1,1,5,no_edges,0.3260842105263158
DOMINANT,local,0.1,1,5,rand_feats,0.5037368421052631
DOMINANT,local,0.1,2,5,full,0.9213263157894737
DOMINANT,local,0.1,2,5,no_edges,0.4791368421052632
DOMINANT,local,0.1,2,5,rand_feats,0.5195578947368421
DOMINANT,local,0.1,3,5,full,0.9558315789473685
DOMINANT,local,0.1,3,5,no_edges,0.5762526315789473
DOMINANT,local,0.1,3,5,rand_feats,0.44597894736842103
DOMINANT,local,0.1,4,5,full,0.9122315789473684
DOMINANT,local,0.1,4,5,no_edges,0.5326947368421053
DOMINANT,local,0.1,4,5,rand_feats,0.5155157894736841
DOMINANT,local,0.2,0,5,full,0.8442526315789474
DOMINANT,local,0.2,0,5,no_edges,0.36936842105263157
DOMINANT,local,0.2,0,5,rand_feats,0.4722736842105263
DOMINANT,local,0.2,1,5,full,0.8439157894736843
DOMINANT,local,0.2,1,5,no_edges,0.1998105263157895
DOMINANT,local,0.2,1,5,rand_feats,0.502378947368421
DOMINANT,local,0.2,2,5,full,0.8171789473684211
DOMINANT,local,0.2,2,5,no_edges,0.28962105263157895
DOMINANT,local,0.2,2,5,rand_feats,0.5174315789473685
DOMINANT,local,0.2,3,5,full,0.8761473684210527
DOMINANT,local,0.2,3,5,no_edges,0.40570526315789474
DOMINANT,local,0.2,3,5,rand_feats,0.44608421052631575
DOMINANT,local,0.2,4,5,full,0.7803578947368421
DOMINANT,local,0.2,4,5,no_edges,0.34162105263157894
DOMINANT,local,0.2,4,5,rand_feats,0.5154105263157895
DOMINANT,local,0.3,0,5,full,0.6064842105263158
DOMINANT,local,0.3,0,5,no_edges,0.12633684210526314
DOMINANT,local,0.3,0,5,rand_feats,0.4713473684210526
DOMINANT,local,0.3,1,5,full,0.5686105263157895
DOMINANT,local,0.3,1,5,no_edges,0.18618947368421054
DOMINANT,local,0.3,1,5,rand_feats,0.5024421052631578
DOMINANT,local,0.3,2,5,full,0.659157894736842
DOMINANT,local,0.3,2,5,no_edges,0.19642105263157894
DOMINANT,local,0.3,2,5,rand_feats,0.5176000000000001
DOMINANT,local,0.3,3,5,full,0.6926947368421053
DOMINANT,local,0.3,3,5,no_edges,0.20181052631578944
DOMINANT,local,0.3,3,5,rand_feats,0.44663157894736844
DOMINANT,local,0.3,4,5,full,0.6285684210526317
DOMINANT,local,0.3,4,5,no_edges,0.19728421052631578
DOMINANT,local,0.3,4,5,rand_feats,0.5153052631578947
DOMINANT,local,0.4,0,5,full,0.3206315789473685
DOMINANT,local,0.4,0,5,no_edges,0.06498947368421053
DOMINANT,local,0.4,0,5,rand_feats,0.4699578947368421
DOMINANT,local,0.4,1,5,full,0.21827368421052631
DOMINANT,local,0.4,1,5,no_edges,0.03130526315789474
DOMINANT,local,0.4,1,5,rand_feats,0.5029684210526315
DOMINANT,local,0.4,2,5,full,0.37061052631578945
DOMINANT,local,0.4,2,5,no_edges,0.03770526315789473
DOMINANT,local,0.4,2,5,rand_feats,0.5179578947368422
DOMINANT,local,0.4,3,5,full,0.41488421052631574
DOMINANT,local,0.4,3,5,no_edges,0.08096842105263156
DOMINANT,local,0.4,3,5,rand_feats,0.44665263157894736
DOMINANT,local,0.4,4,5,full,0.35741052631578946
DOMINANT,local,0.4,4,5,no_edges,0.05105263157894737
DOMINANT,local,0.4,4,5,rand_feats,0.5158315789473684
DOMINANT,local,0.5,0,5,full,0.0848
DOMINANT,local,0.5,0,5,no_edges,0.025600000000000005
DOMINANT,local,0.5,0,5,rand_feats,0.4716
DOMINANT,local,0.5,1,5,full,0.06486315789473683
DOMINANT,local,0.5,1,5,no_edges,0.013831578947368427
DOMINANT,local,0.5,1,5,rand_feats,0.5033052631578947
DOMINANT,local,0.5,2,5,full,0.12709473684210526
DOMINANT,local,0.5,2,5,no_edges,0.012842105263157908
DOMINANT,local,0.5,2,5,rand_feats,0.5176842105263157
DOMINANT,local,0.5,3,5,full,0.14290526315789473
DOMINANT,local,0.5,3,5,no_edges,0.012715789473684217
DOMINANT,local,0.5,3,5,rand_feats,0.44751578947368414
DOMINANT,local,0.5,4,5,full,0.12886315789473685
DOMINANT,local,0.5,4,5,no_edges,0.016400000000000005
DOMINANT,local,0.5,4,5,rand_feats,0.5158736842105264
DOMINANT,local,0.6,0,5,full,0.007852631578947371
DOMINANT,local,0.6,0,5,no_edges,0.0004210526315789509
DOMINANT,local,0.6,0,5,rand_feats,0.473578947368421
DOMINANT,local,0.6,1,5,full,0.01193684210526316
DOMINANT,local,0.6,1,5,no_edges,0.0005263157894736881
DOMINANT,local,0.6,1,5,rand_feats,0.5027578947368421
DOMINANT,local,0.6,2,5,full,0.038778947368421066
DOMINANT,local,0.6,2,5,no_edges,0.0010105263157894773
DOMINANT,local,0.6,2,5,rand_feats,0.5180631578947368
DOMINANT,local,0.6,3,5,full,0.044673684210526324
DOMINANT,local,0.6,3,5,no_edges,0.00094736842105263
DOMINANT,local,0.6,3,5,rand_feats,0.4473684210526316
DOMINANT,local,0.6,4,5,full,0.02473684210526318
DOMINANT,local,0.6,4,5,no_edges,0.005494736842105275
DOMINANT,local,0.6,4,5,rand_feats,0.514821052631579
DOMINANT,local,0.7,0,5,full,0.00046315789473684317
DOMINANT,local,0.7,0,5,no_edges,0.0001473684210526316
DOMINANT,local,0.7,0,5,rand_feats,0.47292631578947364
DOMINANT,local,0.7,1,5,full,0.00025263157894737096
DOMINANT,local,0.7,1,5,no_edges,0.0
DOMINANT,local,0.7,1,5,rand_feats,0.502821052631579
DOMINANT,local,0.7,2,5,full,0.006884210526315797
DOMINANT,local,0.7,2,5,no_edges,2.105263157894832e-05
DOMINANT,local,0.7,2,5,rand_feats,0.5171789473684211
DOMINANT,local,0.7,3,5,full,0.0017473684210526353
DOMINANT,local,0.7,3,5,no_edges,0.00021052631578947435
DOMINANT,local,0.7,3,5,rand_feats,0.44701052631578947
DOMINANT,local,0.7,4,5,full,0.0018736842105263319
DOMINANT,local,0.7,4,5,no_edges,2.105263157894832e-05
DOMINANT,local,0.7,4,5,rand_feats,0.5155789473684209
DOMINANT,local,0.8,0,5,full,0.0
DOMINANT,local,0.8,0,5,no_edges,0.0
DOMINANT,local,0.8,0,5,rand_feats,0.4707789473684211
DOMINANT,local,0.8,1,5,full,0.0
DOMINANT,local,0.8,1,5,no_edges,0.0
DOMINANT,local,0.8,1,5,rand_feats,0.5023578947368421
DOMINANT,local,0.8,2,5,full,0.0005473684210526342
DOMINANT,local,0.8,2,5,no_edges,0.0
DOMINANT,local,0.8,2,5,rand_feats,0.5191789473684211
DOMINANT,local,0.8,3,5,full,0.00018947368421052603
DOMINANT,local,0.8,3,5,no_edges,0.0
DOMINANT,local,0.8,3,5,rand_feats,0.4463578947368421
DOMINANT,local,0.8,4,5,full,0.00014736842105263827
DOMINANT,local,0.8,4,5,no_edges,0.0
DOMINANT,local,0.8,4,5,rand_feats,0.5172210526315789
DOMINANT,local,0.9,0,5,full,0.0
DOMINANT,local,0.9,0,5,no_edges,0.0
DOMINANT,local,0.9,0,5,rand_feats,0.4722105263157894
DOMINANT,local,0.9,1,5,full,0.0
DOMINANT,local,0.9,1,5,no_edges,0.0
DOMINANT,local,0.9,1,5,rand_feats,0.502421052631579
DOMINANT,local,0.9,2,5,full,4.210526315789664e-05
DOMINANT,local,0.9,2,5,no_edges,0.0
DOMINANT,local,0.9,2,5,rand_feats,0.5179578947368422
DOMINANT,local,0.9,3,5,full,0.0
DOMINANT,local,0.9,3,5,no_edges,0.0
DOMINANT,local,0.9,3,5,rand_feats,0.44494736842105265
DOMINANT,local,0.9,4,5,full,0.0
DOMINANT,local,0.9,4,5,no_edges,0.0
DOMINANT,local,0.9,4,5,rand_feats,0.5164421052631579
DOMINANT,local,1.0,0,5,full,0.0
DOMINANT,local,1.0,0,5,no_edges,0.0
DOMINANT,local,1.0,0,5,rand_feats,0.47107368421052626
DOMINANT,local,1.0,1,5,full,0.0
DOMINANT,local,1.0,1,5,no_edges,0.0
DOMINANT,local,1.0,1,5,rand_feats,0.502821052631579
DOMINANT,local,1.0,2,5,full,0.0
DOMINANT,local,1.0,2,5,no_edges,0.0
DOMINANT,local,1.0,2,5,rand_feats,0.5180631578947369
DOMINANT,local,1.0,3,5,full,0.0
DOMINANT,local,1.0,3,5,no_edges,0.0
DOMINANT,local,1.0,3,5,rand_feats,0.4454947368421053
DOMINANT,local,1.0,4,5,full,0.0
DOMINANT,local,1.0,4,5,no_edges,0.0
DOMINANT,local,1.0,4,5,rand_feats,0.5175157894736843
DONE,global,0.0,0,5,full,0.6849052631578947
DONE,global,0.0,0,5,no_edges,0.624
DONE,global,0.0,0,5,rand_feats,0.4882526315789473
DONE,global,0.0,1,5,full,0.6692
DONE,global,0.0,1,5,no_edges,0.6209473684210527
DONE,global,0.0,1,5,rand_feats,0.48850526315789466
DONE,global,0.0,2,5,full,0.6713684210526316
DONE,global,0.0,2,5,no_edges,0.5938947368421053
DONE,global,0.0,2,5,rand_feats,0.4662947368421053
DONE,global,0.0,3,5,full,0.7181473684210526
DONE,global,0.0,3,5,no_edges,0.6320210526315789
DONE,global,0.0,3,5,rand_feats,0.45456842105263157
DONE,global,0.0,4,5,full,0.6853263157894738
DONE,global,0.0,4,5,no_edges,0.522821052631579
DONE,global,0.0,4,5,rand_feats,0.5310947368421053
DONE,global,0.1,0,5,full,0.5450526315789473
DONE,global,0.1,0,5,no_edges,0.5023578947368421
DONE,global,0.1,0,5,rand_feats,0.49122105263157906
DONE,global,0.1,1,5,full,0.546021052631579
DONE,global,0.1,1,5,no_edges,0.4439368421052632
DONE,global,0.1,1,5,rand_feats,0.46686315789473687
DONE,global,0.1,2,5,full,0.5138105263157895
DONE,global,0.1,2,5,no_edges,0.3989894736842105
DONE,global,0.1,2,5,rand_feats,0.4897684210526316
DONE,global,0.1,3,5,full,0.5993263157894736
DONE,global,0.1,3,5,no_edges,0.4355368421052632
DONE,global,0.1,3,5,rand_feats,0.45934736842105267
DONE,global,0.1,4,5,full,0.48324210526315786
DONE,global,0.1,4,5,no_edges,0.4288842105263158
DONE,global,0.1,4,5,rand_feats,0.5442736842105264
DONE,global,0.2,0,5,full,0.3246526315789474
DONE,global,0.2,0,5,no_edges,0.2769263157894737
DONE,global,0.2,0,5,rand_feats,0.4861263157894737
DONE,global,0.2,1,5,full,0.3912842105263158
DONE,global,0.2,1,5,no_edges,0.24496842105263156
DONE,global,0.2,1,5,rand_feats,0.47025263157894737
DONE,global,0.2,2,5,full,0.40237894736842106
DONE,global,0.2,2,5,no_edges,0.24461052631578947
DONE,global,0.2,2,5,rand_feats,0.5014315789473685
DONE,global,0.2,3,5,full,0.42591578947368414
DONE,global,0.2,3,5,no_edges,0.3333894736842105
DONE,global,0.2,3,5,rand_feats,0.4597263157894737
DONE,global,0.2,4,5,full,0.37705263157894736
DONE,global,0.2,4,5,no_edges,0.3236210526315789
DONE,global,0.2,4,5,rand_feats,0.5208210526315789
DONE,global,0.3,0,5,full,0.22069473684210525
DONE,global,0.3,0,5,no_edges,0.1956
DONE,global,0.3,0,5,rand_feats,0.5343368421052632
DONE,global,0.3,1,5,full,0.2124842105263158
DONE,global,0.3,1,5,no_edges,0.1630315789473684
DONE,global,0.3,1,5,rand_feats,0.5303157894736843
DONE,global,0.3,2,5,full,0.23774736842105262
DONE,global,0.3,2,5,no_edges,0.15229473684210523
DONE,global,0.3,2,5,rand_feats,0.5085263157894737
DONE,global,0.3,3,5,full,0.17692631578947368
DONE,global,0.3,3,5,no_edges,0.188
DONE,global,0.3,3,5,rand_feats,0.4626526315789473
DONE,global,0.3,4,5,full,0.26328421052631573
DONE,global,0.3,4,5,no_edges,0.22273684210526318
DONE,global,0.3,4,5,rand_feats,0.5406947368421053
DONE,global,0.4,0,5,full,0.17296842105263163
DONE,global,0.4,0,5,no_edges,0.14195789473684212
DONE,global,0.4,0,5,rand_feats,0.4562736842105263
DONE,global,0.4,1,5,full,0.12730526315789475
DONE,global,0.4,1,5,no_edges,0.09298947368421054
DONE,global,0.4,1,5,rand_feats,0.538
DONE,global,0.4,2,5,full,0.15368421052631576
DONE,global,0.4,2,5,no_edges,0.1572842105263158
DONE,global,0.4,2,5,rand_feats,0.4761263157894737
DONE,global,0.4,3,5,full,0.07591578947368421
DONE,global,0.4,3,5,no_edges,0.10048421052631579
DONE,global,0.4,3,5,rand_feats,0.5166736842105263
DONE,global,0.4,4,5,full,0.16103157894736841
DONE,global,0.4,4,5,no_edges,0.057978947368421054
DONE,global,0.4,4,5,rand_feats,0.48252631578947375
DONE,global,0.5,0,5,full,0.04505263157894737
DONE,global,0.5,0,5,no_edges,0.08993684210526316
DONE,global,0.5,0,5,rand_feats,0.5178736842105263
DONE,global,0.5,1,5,full,0.06437894736842106
DONE,global,0.5,1,5,no_edges,0.11269473684210526
DONE,global,0.5,1,5,rand_feats,0.46505263157894733
DONE,global,0.5,2,5,full,0.06867368421052633
DONE,global,0.5,2,5,no_edges,0.09800000000000005
DONE,global,0.5,2,5,rand_feats,0.5129894736842106
DONE,global,0.5,3,5,full,0.07850526315789473
DONE,global,0.5,3,5,no_edges,0.05221052631578948
DONE,global,0.5,3,5,rand_feats,0.4981684210526316
DONE,global,0.5,4,5,full,0.02720000000000001
DONE,global,0.5,4,5,no_edges,0.15846315789473683
DONE,global,0.5,4,5,rand_feats,0.5338736842105264
DONE,global,0.6,0,5,full,0.054400000000000025
DONE,global,0.6,0,5,no_edges,0.08082105263157895
DONE,global,0.6,0,5,rand_feats,0.4748210526315789
DONE,global,0.6,1,5,full,0.022610526315789477
DONE,global,0.6,1,5,no_edges,0.0780421052631579
DONE,global,0.6,1,5,rand_feats,0.527978947368421
DONE,global,0.6,2,5,full,0.07549473684210527
DONE,global,0.6,2,5,no_edges,0.037452631578947376
DONE,global,0.6,2,5,rand_feats,0.5250105263157895
DONE,global,0.6,3,5,full,0.05446315789473684
DONE,global,0.6,3,5,no_edges,0.05086315789473684
DONE,global,0.6,3,5,rand_feats,0.4787789473684211
DONE,global,0.6,4,5,full,0.04949473684210526
DONE,global,0.6,4,5,no_edges,0.12456842105263158
DONE,global,0.6,4,5,rand_feats,0.49808421052631574
DONE,global,0.7,0,5,full,0.038905263157894734
DONE,global,0.7,0,5,no_edges,0.03863157894736843
DONE,global,0.7,0,5,rand_feats,0.4768631578947368
DONE,global,0.7,1,5,full,0.04490526315789474
DONE,global,0.7,1,5,no_edges,0.0707578947368421
DONE,global,0.7,1,5,rand_feats,0.4842736842105263
DONE,global,0.7,2,5,full,0.05218947368421052
DONE,global,0.7,2,5,no_edges,0.029368421052631582
DONE,global,0.7,2,5,rand_feats,0.5421473684210526
DONE,global,0.7,3,5,full,0.0568842105263158
DONE,global,0.7,3,5,no_edges,0.0910736842105263
DONE,global,0.7,3,5,rand_feats,0.47966315789473685
DONE,global,0.7,4,5,full,0.027578947368421067
DONE,global,0.7,4,5,no_edges,0.03957894736842106
DONE,global,0.7,4,5,rand_feats,0.556021052631579
DONE,global,0.8,0,5,full,0.016926315789473692
DONE,global,0.8,0,5,no_edges,0.043915789473684214
DONE,global,0.8,0,5,rand_feats,0.4793052631578947
DONE,global,0.8,1,5,full,0.0374526315789474
DONE,global,0.8,1,5,no_edges,0.04591578947368422
DONE,global,0.8,1,5,rand_feats,0.5232210526315789
DONE,global,0.8,2,5,full,0.04913684210526317
DONE,global,0.8,2,5,no_edges,0.061115789473684214
DONE,global,0.8,2,5,rand_feats,0.4562105263157895
DONE,global,0.8,3,5,full,0.11551578947368422
DONE,global,0.8,3,5,no_edges,0.06309473684210527
DONE,global,0.8,3,5,rand_feats,0.48751578947368424
DONE,global,0.8,4,5,full,0.15635789473684208
DONE,global,0.8,4,5,no_edges,0.06698947368421053
DONE,global,0.8,4,5,rand_feats,0.4650736842105263
DONE,global,0.9,0,5,full,0.040252631578947366
DONE,global,0.9,0,5,no_edges,0.020694736842105266
DONE,global,0.9,0,5,rand_feats,0.49103157894736843
DONE,global,0.9,1,5,full,0.0035789473684210505
DONE,global,0.9,1,5,no_edges,0.07787368421052633
DONE,global,0.9,1,5,rand_feats,0.45837894736842105
DONE,global,0.9,2,5,full,0.024231578947368427
DONE,global,0.9,2,5,no_edges,0.11084210526315791
DONE,global,0.9,2,5,rand_feats,0.5249263157894737
DONE,global,0.9,3,5,full,0.07903157894736842
DONE,global,0.9,3,5,no_edges,0.030926315789473684
DONE,global,0.9,3,5,rand_feats,0.461221052631579
DONE,global,0.9,4,5,full,0.058863157894736846
DONE,global,0.9,4,5,no_edges,0.06037894736842106
DONE,global,0.9,4,5,rand_feats,0.5150315789473684
DONE,global,1.0,0,5,full,0.15789473684210525
DONE,global,1.0,0,5,no_edges,0.07282105263157894
DONE,global,1.0,0,5,rand_feats,0.47336842105263155
DONE,global,1.0,1,5,full,0.008294736842105266
DONE,global,1.0,1,5,no_edges,0.002947368421052634
DONE,global,1.0,1,5,rand_feats,0.49821052631578944
DONE,global,1.0,2,5,full,0.028694736842105266
DONE,global,1.0,2,5,no_edges,0.04448421052631579
DONE,global,1.0,2,5,rand_feats,0.5385052631578947
DONE,global,1.0,3,5,full,0.03555789473684211
DONE,global,1.0,3,5,no_edges,0.015747368421052628
DONE,global,1.0,3,5,rand_feats,0.48658947368421046
DONE,global,1.0,4,5,full,0.041389473684210525
DONE,global,1.0,4,5,no_edges,0.04890526315789474
DONE,global,1.0,4,5,rand_feats,0.5258736842105263
DONE,local,0.0,0,5,full,0.6657894736842105
DONE,local,0.0,0,5,no_edges,0.6168631578947369
DONE,local,0.0,0,5,rand_feats,0.5398105263157895
DONE,local,0.0,1,5,full,0.6597052631578948
DONE,local,0.0,1,5,no_edges,0.6225473684210526
DONE,local,0.0,1,5,rand_feats,0.5062736842105262
DONE,local,0.0,2,5,full,0.6249894736842105
DONE,local,0.0,2,5,no_edges,0.5892842105263157
DONE,local,0.0,2,5,rand_feats,0.4917263157894737
DONE,local,0.0,3,5,full,0.6622947368421053
DONE,local,0.0,3,5,no_edges,0.5955368421052631
DONE,local,0.0,3,5,rand_feats,0.41661052631578954
DONE,local,0.0,4,5,full,0.6305263157894737
DONE,local,0.0,4,5,no_edges,0.5570947368421052
DONE,local,0.0,4,5,rand_feats,0.5258105263157895
DONE,local,0.1,0,5,full,0.5661052631578947
DONE,local,0.1,0,5,no_edges,0.46077894736842107
DONE,local,0.1,0,5,rand_feats,0.4852
DONE,local,0.1,1,5,full,0.5766947368421054
DONE,local,0.1,1,5,no_edges,0.45124210526315783
DONE,local,0.1,1,5,rand_feats,0.5078315789473684
DONE,local,0.1,2,5,full,0.5637894736842105
DONE,local,0.1,2,5,no_edges,0.4748
DONE,local,0.1,2,5,rand_feats,0.5161473684210526
DONE,local,0.1,3,5,full,0.49846315789473683
DONE,local,0.1,3,5,no_edges,0.5232421052631578
DONE,local,0.1,3,5,rand_feats,0.5138315789473685
DONE,local,0.1,4,5,full,0.5140842105263158
DONE,local,0.1,4,5,no_edges,0.3509052631578947
DONE,local,0.1,4,5,rand_feats,0.4858315789473684
DONE,local,0.2,0,5,full,0.3313052631578947
DONE,local,0.2,0,5,no_edges,0.33252631578947367
DONE,local,0.2,0,5,rand_feats,0.4898315789473684
DONE,local,0.2,1,5,full,0.34082105263157897
DONE,local,0.2,1,5,no_edges,0.23985263157894737
DONE,local,0.2,1,5,rand_feats,0.5161894736842104
DONE,local,0.2,2,5,full,0.3486736842105263
DONE,local,0.2,2,5,no_edges,0.28770526315789474
DONE,local,0.2,2,5,rand_feats,0.5202526315789473
DONE,local,0.2,3,5,full,0.4076
DONE,local,0.2,3,5,no_edges,0.4094947368421053
DONE,local,0.2,3,5,rand_feats,0.4354947368421052
DONE,local,0.2,4,5,full,0.3896842105263158
DONE,local,0.2,4,5,no_edges,0.29536842105263156
DONE,local,0.2,4,5,rand_feats,0.569178947368421
DONE,local,0.3,0,5,full,0.15856842105263158
DONE,local,0.3,0,5,no_edges,0.2262736842105263
DONE,local,0.3,0,5,rand_feats,0.5010947368421053
DONE,local,0.3,1,5,full,0.2588
DONE,local,0.3,1,5,no_edges,0.1999578947368421
DONE,local,0.3,1,5,rand_feats,0.5135368421052632
DONE,local,0.3,2,5,full,0.2333473684210526
DONE,local,0.3,2,5,no_edges,0.2356
DONE,local,0.3,2,5,rand_feats,0.500842105263158
DONE,local,0.3,3,5,full,0.22402105263157895
DONE,local,0.3,3,5,no_edges,0.22018947368421055
DONE,local,0.3,3,5,rand_feats,0.4513473684210526
DONE,local,0.3,4,5,full,0.25498947368421054
DONE,local,0.3,4,5,no_edges,0.20002105263157896
DONE,local,0.3,4,5,rand_feats,0.5224421052631579
DONE,local,0.4,0,5,full,0.09593684210526317
DONE,local,0.4,0,5,no_edges,0.24429473684210526
DONE,local,0.4,0,5,rand_feats,0.44922105263157897
DONE,local,0.4,1,5,full,0.1003578947368421
DONE,local,0.4,1,5,no_edges,0.07770526315789472
DONE,local,0.4,1,5,rand_feats,0.5495578947368421
DONE,local,0.4,2,5,full,0.13242105263157894
DONE,local,0.4,2,5,no_edges,0.1333684210526316
DONE,local,0.4,2,5,rand_feats,0.46793684210526315
DONE,local,0.4,3,5,full,0.08258947368421052
DONE,local,0.4,3,5,no_edges,0.1072
DONE,local,0.4,3,5,rand_feats,0.4495157894736842
DONE,local,0.4,4,5,full,0.1737263157894737
DONE,local,0.4,4,5,no_edges,0.12458947368421054
DONE,local,0.4,4,5,rand_feats,0.5499157894736841
DONE,local,0.5,0,5,full,0.05166315789473685
DONE,local,0.5,0,5,no_edges,0.06477894736842105
DONE,local,0.5,0,5,rand_feats,0.524
DONE,local,0.5,1,5,full,0.1359578947368421
DONE,local,0.5,1,5,no_edges,0.047536842105263155
DONE,local,0.5,1,5,rand_feats,0.5121684210526316
DONE,local,0.5,2,5,full,0.1058105263157895
DONE,local,0.5,2,5,no_edges,0.11141052631578947
DONE,local,0.5,2,5,rand_feats,0.5470315789473684
DONE,local,0.5,3,5,full,0.12669473684210525
DONE,local,0.5,3,5,no_edges,0.07957894736842105
DONE,local,0.5,3,5,rand_feats,0.4844842105263158
DONE,local,0.5,4,5,full,0.1310105263157895
DONE,local,0.5,4,5,no_edges,0.04778947368421052
DONE,local,0.5,4,5,rand_feats,0.5140210526315789
DONE,local,0.6,0,5,full,0.004778947368421055
DONE,local,0.6,0,5,no_edges,0.050631578947368416
DONE,local,0.6,0,5,rand_feats,0.5261263157894737
DONE,local,0.6,1,5,full,0.05595789473684211
DONE,local,0.6,1,5,no_edges,0.11416842105263157
DONE,local,0.6,1,5,rand_feats,0.5196
DONE,local,0.6,2,5,full,0.07418947368421053
DONE,local,0.6,2,5,no_edges,0.14353684210526318
DONE,local,0.6,2,5,rand_feats,0.5276000000000001
DONE,local,0.6,3,5,full,0.06421052631578948
DONE,local,0.6,3,5,no_edges,0.021115789473684213
DONE,local,0.6,3,5,rand_feats,0.46433684210526316
DONE,local,0.6,4,5,full,0.07778947368421053
DONE,local,0.6,4,5,no_edges,0.06962105263157896
DONE,local,0.6,4,5,rand_feats,0.4938526315789474
DONE,local,0.7,0,5,full,0.08665263157894737
DONE,local,0.7,0,5,no_edges,0.0655578947368421
DONE,local,0.7,0,5,rand_feats,0.5033684210526316
DONE,local,0.7,1,5,full,0.024168421052631586
DONE,local,0.7,1,5,no_edges,0.02997894736842105
DONE,local,0.7,1,5,rand_feats,0.521157894736842
DONE,local,0.7,2,5,full,0.07854736842105263
DONE,local,0.7,2,5,no_edges,0.02271578947368421
DONE,local,0.7,2,5,rand_feats,0.49151578947368424
DONE,local,0.7,3,5,full,0.007031578947368423
DONE,local,0.7,3,5,no_edges,0.09021052631578948
DONE,local,0.7,3,5,rand_feats,0.4948842105263158
DONE,local,0.7,4,5,full,0.057073684210526325
DONE,local,0.7,4,5,no_edges,0.0979157894736842
DONE,local,0.7,4,5,rand_feats,0.4667578947368421
DONE,local,0.8,0,5,full,0.04012631578947369
DONE,local,0.8,0,5,no_edges,0.09202105263157893
DONE,local,0.8,0,5,rand_feats,0.4896842105263158
DONE,local,0.8,1,5,full,0.011073684210526319
DONE,local,0.8,1,5,no_edges,0.025642105263157897
DONE,local,0.8,1,5,rand_feats,0.4979368421052632
DONE,local,0.8,2,5,full,0.05985263157894737
DONE,local,0.8,2,5,no_edges,0.04031578947368421
DONE,local,0.8,2,5,rand_feats,0.5574315789473685
DONE,local,0.8,3,5,full,0.06149473684210526
DONE,local,0.8,3,5,no_edges,0.1020421052631579
DONE,local,0.8,3,5,rand_feats,0.45286315789473675
DONE,local,0.8,4,5,full,0.05456842105263158
DONE,local,0.8,4,5,no_edges,0.10797894736842106
DONE,local,0.8,4,5,rand_feats,0.5821684210526316
DONE,local,0.9,0,5,full,0.04303157894736843
DONE,local,0.9,0,5,no_edges,0.06747368421052632
DONE,local,0.9,0,5,rand_feats,0.5301894736842105
DONE,local,0.9,1,5,full,0.019810526315789476
DONE,local,0.9,1,5,no_edges,0.015578947368421052
DONE,local,0.9,1,5,rand_feats,0.4970736842105263
DONE,local,0.9,2,5,full,0.004757894736842112
DONE,local,0.9,2,5,no_edges,0.04850526315789474
DONE,local,0.9,2,5,rand_feats,0.4820842105263158
DONE,local,0.9,3,5,full,0.08242105263157895
DONE,local,0.9,3,5,no_edges,0.0512842105263158
DONE,local,0.9,3,5,rand_feats,0.4488
DONE,local,0.9,4,5,full,0.028147368421052636
DONE,local,0.9,4,5,no_edges,0.004589473684210528
DONE,local,0.9,4,5,rand_feats,0.5179578947368421
DONE,local,1.0,0,5,full,0.029094736842105267
DONE,local,1.0,0,5,no_edges,0.04505263157894737
DONE,local,1.0,0,5,rand_feats,0.4965052631578947
DONE,local,1.0,1,5,full,0.0030315789473684272
DONE,local,1.0,1,5,no_edges,0.045136842105263156
DONE,local,1.0,1,5,rand_feats,0.5085263157894737
DONE,local,1.0,2,5,full,0.03298947368421054
DONE,local,1.0,2,5,no_edges,0.06692631578947368
DONE,local,1.0,2,5,rand_feats,0.5406105263157894
DONE,local,1.0,3,5,full,0.005178947368421054
DONE,local,1.0,3,5,no_edges,0.025705263157894738
DONE,local,1.0,3,5,rand_feats,0.4430736842105263
DONE,local,1.0,4,5,full,0.08833684210526316
DONE,local,1.0,4,5,no_edges,0.052884210526315784
DONE,local,1.0,4,5,rand_feats,0.5289473684210526
